layout 88 40 52
open /tmp/metadata-native.wim 0 f2c252ec715c446ed1e095a4bf6135ba0100000000000000000d0100000000000100010000000000bd040000000000000a000000000000000000000000000000000000000000000000000000000000000000000000000000
open /tmp/wim-integrity-valid.wim 0 089477a150ee18015839b79e3bd85f3a0100000000000000000d01000000000001000100000000005d020000000000000b000000000000000000000000000000000000000000000000000000000000000000000000000000
open /tmp/wim-resource-xpress.wim 0 a2cafa3fb398c100af4d52d1ce72b0900100000000000000000d010000800000010001000100000067080000000000000a000000000000000000000000000000000000000000000000000000000000000000000000000000
open /tmp/wim-resource-pipable.wim 0 ea09c57d947c5cf77e3f6f0cba96a37a0100000000000000000d0100008000000100010001000000fb0b0000000000000a020000000000000000000000000000000000000000000000000000000000000000000000000000
open /tmp/wim-resource-solid.wim 0 7e77a4b0dcd5d98ce66e3434e8f1937f0100000000000000000e000000000200010001000300000017080000000000000a000000000000000000000000000000000000000000000000000000000000000000000000000000
info 0 -1 0 0 24 5a5a5a5a5a5a5a5a5a5a5a5a5a5a5a5a0000000000000000000d0100000000000100010000000000000000000000000000000000000000000000000000000000000000000000000000000000000000000000000000000000
info 0 -1 0 1 24 5a5a5a5a5a5a5a5a5a5a5a5a5a5a5a5a0000000000000000000d0100000000000100010000000000000000000000000000000000000000000000000000000000000000000000000000000000000000000000000000000000
info 0 -1 0 2 24 5a5a5a5a5a5a5a5a5a5a5a5a5a5a5a5a0000000000000000000d0100000000000100010000000000000000000000000000000000000000000000000000000000000000000000000000000000000000000000000000000000
info 0 -1 0 3 24 5a5a5a5a5a5a5a5a5a5a5a5a5a5a5a5a0000000000000000000d0100000000000100010000000000000000000000000000000000000000000000000000000000000000000000000000000000000000000000000000000000
info 0 -1 1 0 24 5a5a5a5a5a5a5a5a5a5a5a5a5a5a5a5a0000000000000000000d0100000000000100010000000000000000000000000000000000000000000000000000000000000000000000000000000000000000000000000000000000
info 0 -1 1 1 24 5a5a5a5a5a5a5a5a5a5a5a5a5a5a5a5a0000000000000000000d0100000000000100010000000000000000000000000000000000000000000000000000000000000000000000000000000000000000000000000000000000
info 0 -1 1 2 24 5a5a5a5a5a5a5a5a5a5a5a5a5a5a5a5a0000000000000000000d0100000000000100010000000000000000000000000000000000000000000000000000000000000000000000000000000000000000000000000000000000
info 0 -1 1 3 24 5a5a5a5a5a5a5a5a5a5a5a5a5a5a5a5a0000000000000000000d0100000000000100010000000000000000000000000000000000000000000000000000000000000000000000000000000000000000000000000000000000
info 0 0 0 0 0 5a5a5a5a5a5a5a5a5a5a5a5a5a5a5a5a0000000000000000000d0100000000000100010000000000000000000000000000000000000000000000000000000000000000000000000000000000000000000000000000000000
info 0 0 0 1 0 5a5a5a5a5a5a5a5a5a5a5a5a5a5a5a5a0000000000000000000d0100000000000100010000000000000000000000000000000000000000000000000000000000000000000000000000000000000000000000000000000000
info 0 0 0 2 0 5a5a5a5a5a5a5a5a5a5a5a5a5a5a5a5a0000000000000000000d0100000000000100010000000000000000000000000000000000000000000000000000000000000000000000000000000000000000000000000000000000
info 0 0 0 3 0 5a5a5a5a5a5a5a5a5a5a5a5a5a5a5a5a0000000000000000000d0100000000000100010000000000000000000000000000000000000000000000000000000000000000000000000000000000000000000000000000000000
info 0 0 1 0 0 5a5a5a5a5a5a5a5a5a5a5a5a5a5a5a5a0000000000000000000d0100000000000100010000000000000000000000000000000000000000000000000000000000000000000000000000000000000000000000000000000000
info 0 0 1 1 0 5a5a5a5a5a5a5a5a5a5a5a5a5a5a5a5a0000000000000000000d0100000000000100010000000000000000000000000000000000000000000000000000000000000000000000000000000000000000000000000000000000
info 0 0 1 2 0 5a5a5a5a5a5a5a5a5a5a5a5a5a5a5a5a0000000000000000000d0100000000000100010000000000000000000000000000000000000000000000000000000000000000000000000000000000000000000000000000000000
info 0 0 1 3 0 5a5a5a5a5a5a5a5a5a5a5a5a5a5a5a5a0000000000000000000d0100000000000100010000000000000000000000000000000000000000000000000000000000000000000000000000000000000000000000000000000000
info 0 1 0 0 0 5a5a5a5a5a5a5a5a5a5a5a5a5a5a5a5a0000000000000000000d0100000000000100010000000000000000000000000000000000000000000000000000000000000000000000000000000000000000000000000000000000
info 0 1 0 1 0 5a5a5a5a5a5a5a5a5a5a5a5a5a5a5a5a0000000000000000000d0100000000000100010000000000000000000000000000000000000000000000000000000000000000000000000000000000000000000000000000000000
info 0 1 0 2 0 5a5a5a5a5a5a5a5a5a5a5a5a5a5a5a5a0000000000000000000d0100000000000100010000000000000000000000000014000000000000000000000000000000000000000000000000000000000000000000000000000000
info 0 1 0 3 0 5a5a5a5a5a5a5a5a5a5a5a5a5a5a5a5a0000000000000000000d0100000000000100010000000000000000000000000014000000000000000000000000000000000000000000000000000000000000000000000000000000
info 0 1 1 0 0 5a5a5a5a5a5a5a5a5a5a5a5a5a5a5a5a0000000000000000000d0100000000000100010000000000000000000000000000000000000000000000000000000000000000000000000000000000000000000000000000000000
info 0 1 1 1 0 5a5a5a5a5a5a5a5a5a5a5a5a5a5a5a5a0000000000000000000d0100000000000100010000000000000000000000000000000000000000000000000000000000000000000000000000000000000000000000000000000000
info 0 1 1 2 0 5a5a5a5a5a5a5a5a5a5a5a5a5a5a5a5a0000000000000000000d0100000000000100010000000000000000000000000014000000000000000000000000000000000000000000000000000000000000000000000000000000
info 0 1 1 3 0 5a5a5a5a5a5a5a5a5a5a5a5a5a5a5a5a0000000000000000000d0100000000000100010000000000000000000000000014000000000000000000000000000000000000000000000000000000000000000000000000000000
info 0 2 0 0 0 a5a5a5a5a5a5a5a5a5a5a5a5a5a5a5a50000000000000000000d0100000000000100010000000000000000000000000000000000000000000000000000000000000000000000000000000000000000000000000000000000
info 0 2 0 1 0 a5a5a5a5a5a5a5a5a5a5a5a5a5a5a5a50000000000000000000d0100000000000100010000000000000000000000000000000000000000000000000000000000000000000000000000000000000000000000000000000000
info 0 2 0 2 0 a5a5a5a5a5a5a5a5a5a5a5a5a5a5a5a50000000000000000000d0100000000000100010000000000000000000000000000000000000000000000000000000000000000000000000000000000000000000000000000000000
info 0 2 0 3 0 a5a5a5a5a5a5a5a5a5a5a5a5a5a5a5a50000000000000000000d0100000000000100010000000000000000000000000000000000000000000000000000000000000000000000000000000000000000000000000000000000
info 0 2 1 0 0 a5a5a5a5a5a5a5a5a5a5a5a5a5a5a5a50000000000000000000d0100000000000100010000000000000000000000000000000000000000000000000000000000000000000000000000000000000000000000000000000000
info 0 2 1 1 0 a5a5a5a5a5a5a5a5a5a5a5a5a5a5a5a50000000000000000000d0100000000000100010000000000000000000000000000000000000000000000000000000000000000000000000000000000000000000000000000000000
info 0 2 1 2 0 a5a5a5a5a5a5a5a5a5a5a5a5a5a5a5a50000000000000000000d0100000000000100010000000000000000000000000000000000000000000000000000000000000000000000000000000000000000000000000000000000
info 0 2 1 3 0 a5a5a5a5a5a5a5a5a5a5a5a5a5a5a5a50000000000000000000d0100000000000100010000000000000000000000000000000000000000000000000000000000000000000000000000000000000000000000000000000000
info 0 3 0 0 0 a5a5a5a5a5a5a5a5a5a5a5a5a5a5a5a50000000000000000000d0100000000000100010000000000000000000000000000000000000000000000000000000000000000000000000000000000000000000000000000000000
info 0 3 0 1 0 a5a5a5a5a5a5a5a5a5a5a5a5a5a5a5a50000000000000000000d0100000000000100010000000000000000000000000000000000000000000000000000000000000000000000000000000000000000000000000000000000
info 0 3 0 2 0 a5a5a5a5a5a5a5a5a5a5a5a5a5a5a5a50000000000000000000d0100000000000100010000000000000000000000000014000000000000000000000000000000000000000000000000000000000000000000000000000000
info 0 3 0 3 0 a5a5a5a5a5a5a5a5a5a5a5a5a5a5a5a50000000000000000000d0100000000000100010000000000000000000000000014000000000000000000000000000000000000000000000000000000000000000000000000000000
info 0 3 1 0 0 a5a5a5a5a5a5a5a5a5a5a5a5a5a5a5a50000000000000000000d0100000000000100010000000000000000000000000000000000000000000000000000000000000000000000000000000000000000000000000000000000
info 0 3 1 1 0 a5a5a5a5a5a5a5a5a5a5a5a5a5a5a5a50000000000000000000d0100000000000100010000000000000000000000000000000000000000000000000000000000000000000000000000000000000000000000000000000000
info 0 3 1 2 0 a5a5a5a5a5a5a5a5a5a5a5a5a5a5a5a50000000000000000000d0100000000000100010000000000000000000000000014000000000000000000000000000000000000000000000000000000000000000000000000000000
info 0 3 1 3 0 a5a5a5a5a5a5a5a5a5a5a5a5a5a5a5a50000000000000000000d0100000000000100010000000000000000000000000014000000000000000000000000000000000000000000000000000000000000000000000000000000
info 0 4 0 0 0 5a5a5a5a5a5a5a5a5a5a5a5a5a5a5a5a0000000000000000000d0100000000000100010000000000000000000000000000000000000000000000000000000000000000000000000000000000000000000000000000000000
info 0 4 0 1 0 5a5a5a5a5a5a5a5a5a5a5a5a5a5a5a5a0000000000000000000d0100000000000100010000000000000000000000000000000000000000000000000000000000000000000000000000000000000000000000000000000000
info 0 4 0 2 0 5a5a5a5a5a5a5a5a5a5a5a5a5a5a5a5a0000000000000000000d0100000000000100010000000000000000000000000000000000000000000000000000000000000000000000000000000000000000000000000000000000
info 0 4 0 3 0 5a5a5a5a5a5a5a5a5a5a5a5a5a5a5a5a0000000000000000000d0100000000000100010000000000000000000000000000000000000000000000000000000000000000000000000000000000000000000000000000000000
info 0 4 1 0 18 5a5a5a5a5a5a5a5a5a5a5a5a5a5a5a5a0000000000000000000d0100000000000100010000000000000000000000000000000000000000000000000000000000000000000000000000000000000000000000000000000000
info 0 4 1 1 18 5a5a5a5a5a5a5a5a5a5a5a5a5a5a5a5a0000000000000000000d0100000000000100010000000000000000000000000000000000000000000000000000000000000000000000000000000000000000000000000000000000
info 0 4 1 2 18 5a5a5a5a5a5a5a5a5a5a5a5a5a5a5a5a0000000000000000000d0100000000000100010000000000000000000000000000000000000000000000000000000000000000000000000000000000000000000000000000000000
info 0 4 1 3 18 5a5a5a5a5a5a5a5a5a5a5a5a5a5a5a5a0000000000000000000d0100000000000100010000000000000000000000000000000000000000000000000000000000000000000000000000000000000000000000000000000000
info 0 5 0 0 0 5a5a5a5a5a5a5a5a5a5a5a5a5a5a5a5a0000000000000000000d0100000000000100010000000000000000000000000000000000000000000000000000000000000000000000000000000000000000000000000000000000
info 0 5 0 1 0 5a5a5a5a5a5a5a5a5a5a5a5a5a5a5a5a0000000000000000000d0100000000000100010000000000000000000000000000000000000000000000000000000000000000000000000000000000000000000000000000000000
info 0 5 0 2 0 5a5a5a5a5a5a5a5a5a5a5a5a5a5a5a5a0000000000000000000d0100000000000100010000000000000000000000000014000000000000000000000000000000000000000000000000000000000000000000000000000000
info 0 5 0 3 0 5a5a5a5a5a5a5a5a5a5a5a5a5a5a5a5a0000000000000000000d0100000000000100010000000000000000000000000014000000000000000000000000000000000000000000000000000000000000000000000000000000
info 0 5 1 0 18 5a5a5a5a5a5a5a5a5a5a5a5a5a5a5a5a0000000000000000000d0100000000000100010000000000000000000000000000000000000000000000000000000000000000000000000000000000000000000000000000000000
info 0 5 1 1 18 5a5a5a5a5a5a5a5a5a5a5a5a5a5a5a5a0000000000000000000d0100000000000100010000000000000000000000000000000000000000000000000000000000000000000000000000000000000000000000000000000000
info 0 5 1 2 18 5a5a5a5a5a5a5a5a5a5a5a5a5a5a5a5a0000000000000000000d0100000000000100010000000000000000000000000000000000000000000000000000000000000000000000000000000000000000000000000000000000
info 0 5 1 3 18 5a5a5a5a5a5a5a5a5a5a5a5a5a5a5a5a0000000000000000000d0100000000000100010000000000000000000000000000000000000000000000000000000000000000000000000000000000000000000000000000000000
info 0 6 0 0 0 a5a5a5a5a5a5a5a5a5a5a5a5a5a5a5a50000000000000000000d0100000000000100010000000000000000000000000000000000000000000000000000000000000000000000000000000000000000000000000000000000
info 0 6 0 1 0 a5a5a5a5a5a5a5a5a5a5a5a5a5a5a5a50000000000000000000d0100000000000100010000000000000000000000000000000000000000000000000000000000000000000000000000000000000000000000000000000000
info 0 6 0 2 0 a5a5a5a5a5a5a5a5a5a5a5a5a5a5a5a50000000000000000000d0100000000000100010000000000000000000000000000000000000000000000000000000000000000000000000000000000000000000000000000000000
info 0 6 0 3 0 a5a5a5a5a5a5a5a5a5a5a5a5a5a5a5a50000000000000000000d0100000000000100010000000000000000000000000000000000000000000000000000000000000000000000000000000000000000000000000000000000
info 0 6 1 0 18 5a5a5a5a5a5a5a5a5a5a5a5a5a5a5a5a0000000000000000000d0100000000000100010000000000000000000000000000000000000000000000000000000000000000000000000000000000000000000000000000000000
info 0 6 1 1 18 5a5a5a5a5a5a5a5a5a5a5a5a5a5a5a5a0000000000000000000d0100000000000100010000000000000000000000000000000000000000000000000000000000000000000000000000000000000000000000000000000000
info 0 6 1 2 18 5a5a5a5a5a5a5a5a5a5a5a5a5a5a5a5a0000000000000000000d0100000000000100010000000000000000000000000000000000000000000000000000000000000000000000000000000000000000000000000000000000
info 0 6 1 3 18 5a5a5a5a5a5a5a5a5a5a5a5a5a5a5a5a0000000000000000000d0100000000000100010000000000000000000000000000000000000000000000000000000000000000000000000000000000000000000000000000000000
info 0 7 0 0 0 a5a5a5a5a5a5a5a5a5a5a5a5a5a5a5a50000000000000000000d0100000000000100010000000000000000000000000000000000000000000000000000000000000000000000000000000000000000000000000000000000
info 0 7 0 1 0 a5a5a5a5a5a5a5a5a5a5a5a5a5a5a5a50000000000000000000d0100000000000100010000000000000000000000000000000000000000000000000000000000000000000000000000000000000000000000000000000000
info 0 7 0 2 0 a5a5a5a5a5a5a5a5a5a5a5a5a5a5a5a50000000000000000000d0100000000000100010000000000000000000000000014000000000000000000000000000000000000000000000000000000000000000000000000000000
info 0 7 0 3 0 a5a5a5a5a5a5a5a5a5a5a5a5a5a5a5a50000000000000000000d0100000000000100010000000000000000000000000014000000000000000000000000000000000000000000000000000000000000000000000000000000
info 0 7 1 0 18 5a5a5a5a5a5a5a5a5a5a5a5a5a5a5a5a0000000000000000000d0100000000000100010000000000000000000000000000000000000000000000000000000000000000000000000000000000000000000000000000000000
info 0 7 1 1 18 5a5a5a5a5a5a5a5a5a5a5a5a5a5a5a5a0000000000000000000d0100000000000100010000000000000000000000000000000000000000000000000000000000000000000000000000000000000000000000000000000000
info 0 7 1 2 18 5a5a5a5a5a5a5a5a5a5a5a5a5a5a5a5a0000000000000000000d0100000000000100010000000000000000000000000000000000000000000000000000000000000000000000000000000000000000000000000000000000
info 0 7 1 3 18 5a5a5a5a5a5a5a5a5a5a5a5a5a5a5a5a0000000000000000000d0100000000000100010000000000000000000000000000000000000000000000000000000000000000000000000000000000000000000000000000000000
info 0 8 0 0 0 5a5a5a5a5a5a5a5a5a5a5a5a5a5a5a5a0000000000000000000d0100000000000100010000000000000000000000000000000000000000000000000000000000000000000000000000000000000000000000000000000000
info 0 8 0 1 0 5a5a5a5a5a5a5a5a5a5a5a5a5a5a5a5a0000000000000000000d0100000000000100010000000000000000000000000008000000000000000000000000000000000000000000000000000000000000000000000000000000
info 0 8 0 2 0 5a5a5a5a5a5a5a5a5a5a5a5a5a5a5a5a0000000000000000000d0100000000000100010000000000000000000000000000000000000000000000000000000000000000000000000000000000000000000000000000000000
info 0 8 0 3 0 5a5a5a5a5a5a5a5a5a5a5a5a5a5a5a5a0000000000000000000d0100000000000100010000000000000000000000000008000000000000000000000000000000000000000000000000000000000000000000000000000000
info 0 8 1 0 0 5a5a5a5a5a5a5a5a5a5a5a5a5a5a5a5a0000000000000000000d0100000000000100010000000000000000000000000000000000000000000000000000000000000000000000000000000000000000000000000000000000
info 0 8 1 1 0 5a5a5a5a5a5a5a5a5a5a5a5a5a5a5a5a0000000000000000000d0100000000000100010000000000000000000000000008000000000000000000000000000000000000000000000000000000000000000000000000000000
info 0 8 1 2 0 5a5a5a5a5a5a5a5a5a5a5a5a5a5a5a5a0000000000000000000d0100000000000100010000000000000000000000000000000000000000000000000000000000000000000000000000000000000000000000000000000000
info 0 8 1 3 0 5a5a5a5a5a5a5a5a5a5a5a5a5a5a5a5a0000000000000000000d0100000000000100010000000000000000000000000008000000000000000000000000000000000000000000000000000000000000000000000000000000
info 0 9 0 0 0 5a5a5a5a5a5a5a5a5a5a5a5a5a5a5a5a0000000000000000000d0100000000000100010000000000000000000000000000000000000000000000000000000000000000000000000000000000000000000000000000000000
info 0 9 0 1 0 5a5a5a5a5a5a5a5a5a5a5a5a5a5a5a5a0000000000000000000d0100000000000100010000000000000000000000000008000000000000000000000000000000000000000000000000000000000000000000000000000000
info 0 9 0 2 0 5a5a5a5a5a5a5a5a5a5a5a5a5a5a5a5a0000000000000000000d0100000000000100010000000000000000000000000014000000000000000000000000000000000000000000000000000000000000000000000000000000
info 0 9 0 3 0 5a5a5a5a5a5a5a5a5a5a5a5a5a5a5a5a0000000000000000000d010000000000010001000000000000000000000000001c000000000000000000000000000000000000000000000000000000000000000000000000000000
info 0 9 1 0 0 5a5a5a5a5a5a5a5a5a5a5a5a5a5a5a5a0000000000000000000d0100000000000100010000000000000000000000000000000000000000000000000000000000000000000000000000000000000000000000000000000000
info 0 9 1 1 0 5a5a5a5a5a5a5a5a5a5a5a5a5a5a5a5a0000000000000000000d0100000000000100010000000000000000000000000008000000000000000000000000000000000000000000000000000000000000000000000000000000
info 0 9 1 2 0 5a5a5a5a5a5a5a5a5a5a5a5a5a5a5a5a0000000000000000000d0100000000000100010000000000000000000000000014000000000000000000000000000000000000000000000000000000000000000000000000000000
info 0 9 1 3 0 5a5a5a5a5a5a5a5a5a5a5a5a5a5a5a5a0000000000000000000d010000000000010001000000000000000000000000001c000000000000000000000000000000000000000000000000000000000000000000000000000000
info 0 10 0 0 0 a5a5a5a5a5a5a5a5a5a5a5a5a5a5a5a50000000000000000000d0100000000000100010000000000000000000000000000000000000000000000000000000000000000000000000000000000000000000000000000000000
info 0 10 0 1 0 a5a5a5a5a5a5a5a5a5a5a5a5a5a5a5a50000000000000000000d0100000000000100010000000000000000000000000008000000000000000000000000000000000000000000000000000000000000000000000000000000
info 0 10 0 2 0 a5a5a5a5a5a5a5a5a5a5a5a5a5a5a5a50000000000000000000d0100000000000100010000000000000000000000000000000000000000000000000000000000000000000000000000000000000000000000000000000000
info 0 10 0 3 0 a5a5a5a5a5a5a5a5a5a5a5a5a5a5a5a50000000000000000000d0100000000000100010000000000000000000000000008000000000000000000000000000000000000000000000000000000000000000000000000000000
info 0 10 1 0 0 a5a5a5a5a5a5a5a5a5a5a5a5a5a5a5a50000000000000000000d0100000000000100010000000000000000000000000000000000000000000000000000000000000000000000000000000000000000000000000000000000
info 0 10 1 1 0 a5a5a5a5a5a5a5a5a5a5a5a5a5a5a5a50000000000000000000d0100000000000100010000000000000000000000000008000000000000000000000000000000000000000000000000000000000000000000000000000000
info 0 10 1 2 0 a5a5a5a5a5a5a5a5a5a5a5a5a5a5a5a50000000000000000000d0100000000000100010000000000000000000000000000000000000000000000000000000000000000000000000000000000000000000000000000000000
info 0 10 1 3 0 a5a5a5a5a5a5a5a5a5a5a5a5a5a5a5a50000000000000000000d0100000000000100010000000000000000000000000008000000000000000000000000000000000000000000000000000000000000000000000000000000
info 0 11 0 0 0 a5a5a5a5a5a5a5a5a5a5a5a5a5a5a5a50000000000000000000d0100000000000100010000000000000000000000000000000000000000000000000000000000000000000000000000000000000000000000000000000000
info 0 11 0 1 0 a5a5a5a5a5a5a5a5a5a5a5a5a5a5a5a50000000000000000000d0100000000000100010000000000000000000000000008000000000000000000000000000000000000000000000000000000000000000000000000000000
info 0 11 0 2 0 a5a5a5a5a5a5a5a5a5a5a5a5a5a5a5a50000000000000000000d0100000000000100010000000000000000000000000014000000000000000000000000000000000000000000000000000000000000000000000000000000
info 0 11 0 3 0 a5a5a5a5a5a5a5a5a5a5a5a5a5a5a5a50000000000000000000d010000000000010001000000000000000000000000001c000000000000000000000000000000000000000000000000000000000000000000000000000000
info 0 11 1 0 0 a5a5a5a5a5a5a5a5a5a5a5a5a5a5a5a50000000000000000000d0100000000000100010000000000000000000000000000000000000000000000000000000000000000000000000000000000000000000000000000000000
info 0 11 1 1 0 a5a5a5a5a5a5a5a5a5a5a5a5a5a5a5a50000000000000000000d0100000000000100010000000000000000000000000008000000000000000000000000000000000000000000000000000000000000000000000000000000
info 0 11 1 2 0 a5a5a5a5a5a5a5a5a5a5a5a5a5a5a5a50000000000000000000d0100000000000100010000000000000000000000000014000000000000000000000000000000000000000000000000000000000000000000000000000000
info 0 11 1 3 0 a5a5a5a5a5a5a5a5a5a5a5a5a5a5a5a50000000000000000000d010000000000010001000000000000000000000000001c000000000000000000000000000000000000000000000000000000000000000000000000000000
info 0 12 0 0 0 5a5a5a5a5a5a5a5a5a5a5a5a5a5a5a5a0000000000000000000d0100000000000100010000000000000000000000000000000000000000000000000000000000000000000000000000000000000000000000000000000000
info 0 12 0 1 0 5a5a5a5a5a5a5a5a5a5a5a5a5a5a5a5a0000000000000000000d0100000000000100010000000000000000000000000008000000000000000000000000000000000000000000000000000000000000000000000000000000
info 0 12 0 2 0 5a5a5a5a5a5a5a5a5a5a5a5a5a5a5a5a0000000000000000000d0100000000000100010000000000000000000000000000000000000000000000000000000000000000000000000000000000000000000000000000000000
info 0 12 0 3 0 5a5a5a5a5a5a5a5a5a5a5a5a5a5a5a5a0000000000000000000d0100000000000100010000000000000000000000000008000000000000000000000000000000000000000000000000000000000000000000000000000000
info 0 12 1 0 18 5a5a5a5a5a5a5a5a5a5a5a5a5a5a5a5a0000000000000000000d0100000000000100010000000000000000000000000000000000000000000000000000000000000000000000000000000000000000000000000000000000
info 0 12 1 1 18 5a5a5a5a5a5a5a5a5a5a5a5a5a5a5a5a0000000000000000000d0100000000000100010000000000000000000000000000000000000000000000000000000000000000000000000000000000000000000000000000000000
info 0 12 1 2 18 5a5a5a5a5a5a5a5a5a5a5a5a5a5a5a5a0000000000000000000d0100000000000100010000000000000000000000000000000000000000000000000000000000000000000000000000000000000000000000000000000000
info 0 12 1 3 18 5a5a5a5a5a5a5a5a5a5a5a5a5a5a5a5a0000000000000000000d0100000000000100010000000000000000000000000000000000000000000000000000000000000000000000000000000000000000000000000000000000
info 0 13 0 0 0 5a5a5a5a5a5a5a5a5a5a5a5a5a5a5a5a0000000000000000000d0100000000000100010000000000000000000000000000000000000000000000000000000000000000000000000000000000000000000000000000000000
info 0 13 0 1 0 5a5a5a5a5a5a5a5a5a5a5a5a5a5a5a5a0000000000000000000d0100000000000100010000000000000000000000000008000000000000000000000000000000000000000000000000000000000000000000000000000000
info 0 13 0 2 0 5a5a5a5a5a5a5a5a5a5a5a5a5a5a5a5a0000000000000000000d0100000000000100010000000000000000000000000014000000000000000000000000000000000000000000000000000000000000000000000000000000
info 0 13 0 3 0 5a5a5a5a5a5a5a5a5a5a5a5a5a5a5a5a0000000000000000000d010000000000010001000000000000000000000000001c000000000000000000000000000000000000000000000000000000000000000000000000000000
info 0 13 1 0 18 5a5a5a5a5a5a5a5a5a5a5a5a5a5a5a5a0000000000000000000d0100000000000100010000000000000000000000000000000000000000000000000000000000000000000000000000000000000000000000000000000000
info 0 13 1 1 18 5a5a5a5a5a5a5a5a5a5a5a5a5a5a5a5a0000000000000000000d0100000000000100010000000000000000000000000000000000000000000000000000000000000000000000000000000000000000000000000000000000
info 0 13 1 2 18 5a5a5a5a5a5a5a5a5a5a5a5a5a5a5a5a0000000000000000000d0100000000000100010000000000000000000000000000000000000000000000000000000000000000000000000000000000000000000000000000000000
info 0 13 1 3 18 5a5a5a5a5a5a5a5a5a5a5a5a5a5a5a5a0000000000000000000d0100000000000100010000000000000000000000000000000000000000000000000000000000000000000000000000000000000000000000000000000000
info 0 14 0 0 0 a5a5a5a5a5a5a5a5a5a5a5a5a5a5a5a50000000000000000000d0100000000000100010000000000000000000000000000000000000000000000000000000000000000000000000000000000000000000000000000000000
info 0 14 0 1 0 a5a5a5a5a5a5a5a5a5a5a5a5a5a5a5a50000000000000000000d0100000000000100010000000000000000000000000008000000000000000000000000000000000000000000000000000000000000000000000000000000
info 0 14 0 2 0 a5a5a5a5a5a5a5a5a5a5a5a5a5a5a5a50000000000000000000d0100000000000100010000000000000000000000000000000000000000000000000000000000000000000000000000000000000000000000000000000000
info 0 14 0 3 0 a5a5a5a5a5a5a5a5a5a5a5a5a5a5a5a50000000000000000000d0100000000000100010000000000000000000000000008000000000000000000000000000000000000000000000000000000000000000000000000000000
info 0 14 1 0 18 5a5a5a5a5a5a5a5a5a5a5a5a5a5a5a5a0000000000000000000d0100000000000100010000000000000000000000000000000000000000000000000000000000000000000000000000000000000000000000000000000000
info 0 14 1 1 18 5a5a5a5a5a5a5a5a5a5a5a5a5a5a5a5a0000000000000000000d0100000000000100010000000000000000000000000000000000000000000000000000000000000000000000000000000000000000000000000000000000
info 0 14 1 2 18 5a5a5a5a5a5a5a5a5a5a5a5a5a5a5a5a0000000000000000000d0100000000000100010000000000000000000000000000000000000000000000000000000000000000000000000000000000000000000000000000000000
info 0 14 1 3 18 5a5a5a5a5a5a5a5a5a5a5a5a5a5a5a5a0000000000000000000d0100000000000100010000000000000000000000000000000000000000000000000000000000000000000000000000000000000000000000000000000000
info 0 15 0 0 0 a5a5a5a5a5a5a5a5a5a5a5a5a5a5a5a50000000000000000000d0100000000000100010000000000000000000000000000000000000000000000000000000000000000000000000000000000000000000000000000000000
info 0 15 0 1 0 a5a5a5a5a5a5a5a5a5a5a5a5a5a5a5a50000000000000000000d0100000000000100010000000000000000000000000008000000000000000000000000000000000000000000000000000000000000000000000000000000
info 0 15 0 2 0 a5a5a5a5a5a5a5a5a5a5a5a5a5a5a5a50000000000000000000d0100000000000100010000000000000000000000000014000000000000000000000000000000000000000000000000000000000000000000000000000000
info 0 15 0 3 0 a5a5a5a5a5a5a5a5a5a5a5a5a5a5a5a50000000000000000000d010000000000010001000000000000000000000000001c000000000000000000000000000000000000000000000000000000000000000000000000000000
info 0 15 1 0 18 5a5a5a5a5a5a5a5a5a5a5a5a5a5a5a5a0000000000000000000d0100000000000100010000000000000000000000000000000000000000000000000000000000000000000000000000000000000000000000000000000000
info 0 15 1 1 18 5a5a5a5a5a5a5a5a5a5a5a5a5a5a5a5a0000000000000000000d0100000000000100010000000000000000000000000000000000000000000000000000000000000000000000000000000000000000000000000000000000
info 0 15 1 2 18 5a5a5a5a5a5a5a5a5a5a5a5a5a5a5a5a0000000000000000000d0100000000000100010000000000000000000000000000000000000000000000000000000000000000000000000000000000000000000000000000000000
info 0 15 1 3 18 5a5a5a5a5a5a5a5a5a5a5a5a5a5a5a5a0000000000000000000d0100000000000100010000000000000000000000000000000000000000000000000000000000000000000000000000000000000000000000000000000000
info 0 16 0 0 24 5a5a5a5a5a5a5a5a5a5a5a5a5a5a5a5a0000000000000000000d0100000000000100010000000000000000000000000000000000000000000000000000000000000000000000000000000000000000000000000000000000
info 0 16 0 1 24 5a5a5a5a5a5a5a5a5a5a5a5a5a5a5a5a0000000000000000000d0100000000000100010000000000000000000000000000000000000000000000000000000000000000000000000000000000000000000000000000000000
info 0 16 0 2 24 5a5a5a5a5a5a5a5a5a5a5a5a5a5a5a5a0000000000000000000d0100000000000100010000000000000000000000000000000000000000000000000000000000000000000000000000000000000000000000000000000000
info 0 16 0 3 24 5a5a5a5a5a5a5a5a5a5a5a5a5a5a5a5a0000000000000000000d0100000000000100010000000000000000000000000000000000000000000000000000000000000000000000000000000000000000000000000000000000
info 0 16 1 0 24 5a5a5a5a5a5a5a5a5a5a5a5a5a5a5a5a0000000000000000000d0100000000000100010000000000000000000000000000000000000000000000000000000000000000000000000000000000000000000000000000000000
info 0 16 1 1 24 5a5a5a5a5a5a5a5a5a5a5a5a5a5a5a5a0000000000000000000d0100000000000100010000000000000000000000000000000000000000000000000000000000000000000000000000000000000000000000000000000000
info 0 16 1 2 24 5a5a5a5a5a5a5a5a5a5a5a5a5a5a5a5a0000000000000000000d0100000000000100010000000000000000000000000000000000000000000000000000000000000000000000000000000000000000000000000000000000
info 0 16 1 3 24 5a5a5a5a5a5a5a5a5a5a5a5a5a5a5a5a0000000000000000000d0100000000000100010000000000000000000000000000000000000000000000000000000000000000000000000000000000000000000000000000000000
info 0 17 0 0 24 5a5a5a5a5a5a5a5a5a5a5a5a5a5a5a5a0000000000000000000d0100000000000100010000000000000000000000000000000000000000000000000000000000000000000000000000000000000000000000000000000000
info 0 17 0 1 24 5a5a5a5a5a5a5a5a5a5a5a5a5a5a5a5a0000000000000000000d0100000000000100010000000000000000000000000000000000000000000000000000000000000000000000000000000000000000000000000000000000
info 0 17 0 2 24 5a5a5a5a5a5a5a5a5a5a5a5a5a5a5a5a0000000000000000000d0100000000000100010000000000000000000000000000000000000000000000000000000000000000000000000000000000000000000000000000000000
info 0 17 0 3 24 5a5a5a5a5a5a5a5a5a5a5a5a5a5a5a5a0000000000000000000d0100000000000100010000000000000000000000000000000000000000000000000000000000000000000000000000000000000000000000000000000000
info 0 17 1 0 24 5a5a5a5a5a5a5a5a5a5a5a5a5a5a5a5a0000000000000000000d0100000000000100010000000000000000000000000000000000000000000000000000000000000000000000000000000000000000000000000000000000
info 0 17 1 1 24 5a5a5a5a5a5a5a5a5a5a5a5a5a5a5a5a0000000000000000000d0100000000000100010000000000000000000000000000000000000000000000000000000000000000000000000000000000000000000000000000000000
info 0 17 1 2 24 5a5a5a5a5a5a5a5a5a5a5a5a5a5a5a5a0000000000000000000d0100000000000100010000000000000000000000000000000000000000000000000000000000000000000000000000000000000000000000000000000000
info 0 17 1 3 24 5a5a5a5a5a5a5a5a5a5a5a5a5a5a5a5a0000000000000000000d0100000000000100010000000000000000000000000000000000000000000000000000000000000000000000000000000000000000000000000000000000
info 1 -1 0 0 24 5a5a5a5a5a5a5a5a5a5a5a5a5a5a5a5a0000000000000000000d0100000000000100010000000000000000000000000000000000000000000000000000000000000000000000000000000000000000000000000000000000
info 1 -1 0 1 24 5a5a5a5a5a5a5a5a5a5a5a5a5a5a5a5a0000000000000000000d0100000000000100010000000000000000000000000000000000000000000000000000000000000000000000000000000000000000000000000000000000
info 1 -1 0 2 24 5a5a5a5a5a5a5a5a5a5a5a5a5a5a5a5a0000000000000000000d0100000000000100010000000000000000000000000000000000000000000000000000000000000000000000000000000000000000000000000000000000
info 1 -1 0 3 24 5a5a5a5a5a5a5a5a5a5a5a5a5a5a5a5a0000000000000000000d0100000000000100010000000000000000000000000000000000000000000000000000000000000000000000000000000000000000000000000000000000
info 1 -1 1 0 24 5a5a5a5a5a5a5a5a5a5a5a5a5a5a5a5a0000000000000000000d0100000000000100010000000000000000000000000000000000000000000000000000000000000000000000000000000000000000000000000000000000
info 1 -1 1 1 24 5a5a5a5a5a5a5a5a5a5a5a5a5a5a5a5a0000000000000000000d0100000000000100010000000000000000000000000000000000000000000000000000000000000000000000000000000000000000000000000000000000
info 1 -1 1 2 24 5a5a5a5a5a5a5a5a5a5a5a5a5a5a5a5a0000000000000000000d0100000000000100010000000000000000000000000000000000000000000000000000000000000000000000000000000000000000000000000000000000
info 1 -1 1 3 24 5a5a5a5a5a5a5a5a5a5a5a5a5a5a5a5a0000000000000000000d0100000000000100010000000000000000000000000000000000000000000000000000000000000000000000000000000000000000000000000000000000
info 1 0 0 0 0 5a5a5a5a5a5a5a5a5a5a5a5a5a5a5a5a0000000000000000000d0100000000000100010000000000000000000000000000000000000000000000000000000000000000000000000000000000000000000000000000000000
info 1 0 0 1 0 5a5a5a5a5a5a5a5a5a5a5a5a5a5a5a5a0000000000000000000d0100000000000100010000000000000000000000000000000000000000000000000000000000000000000000000000000000000000000000000000000000
info 1 0 0 2 0 5a5a5a5a5a5a5a5a5a5a5a5a5a5a5a5a0000000000000000000d0100000000000100010000000000000000000000000000000000000000000000000000000000000000000000000000000000000000000000000000000000
info 1 0 0 3 0 5a5a5a5a5a5a5a5a5a5a5a5a5a5a5a5a0000000000000000000d0100000000000100010000000000000000000000000000000000000000000000000000000000000000000000000000000000000000000000000000000000
info 1 0 1 0 0 5a5a5a5a5a5a5a5a5a5a5a5a5a5a5a5a0000000000000000000d0100000000000100010000000000000000000000000000000000000000000000000000000000000000000000000000000000000000000000000000000000
info 1 0 1 1 0 5a5a5a5a5a5a5a5a5a5a5a5a5a5a5a5a0000000000000000000d0100000000000100010000000000000000000000000000000000000000000000000000000000000000000000000000000000000000000000000000000000
info 1 0 1 2 0 5a5a5a5a5a5a5a5a5a5a5a5a5a5a5a5a0000000000000000000d0100000000000100010000000000000000000000000000000000000000000000000000000000000000000000000000000000000000000000000000000000
info 1 0 1 3 0 5a5a5a5a5a5a5a5a5a5a5a5a5a5a5a5a0000000000000000000d0100000000000100010000000000000000000000000000000000000000000000000000000000000000000000000000000000000000000000000000000000
info 1 1 0 0 0 5a5a5a5a5a5a5a5a5a5a5a5a5a5a5a5a0000000000000000000d0100000000000100010000000000000000000000000000000000000000000000000000000000000000000000000000000000000000000000000000000000
info 1 1 0 1 0 5a5a5a5a5a5a5a5a5a5a5a5a5a5a5a5a0000000000000000000d0100000000000100010000000000000000000000000000000000000000000000000000000000000000000000000000000000000000000000000000000000
info 1 1 0 2 0 5a5a5a5a5a5a5a5a5a5a5a5a5a5a5a5a0000000000000000000d0100000000000100010000000000000000000000000014000000000000000000000000000000000000000000000000000000000000000000000000000000
info 1 1 0 3 0 5a5a5a5a5a5a5a5a5a5a5a5a5a5a5a5a0000000000000000000d0100000000000100010000000000000000000000000014000000000000000000000000000000000000000000000000000000000000000000000000000000
info 1 1 1 0 0 5a5a5a5a5a5a5a5a5a5a5a5a5a5a5a5a0000000000000000000d0100000000000100010000000000000000000000000000000000000000000000000000000000000000000000000000000000000000000000000000000000
info 1 1 1 1 0 5a5a5a5a5a5a5a5a5a5a5a5a5a5a5a5a0000000000000000000d0100000000000100010000000000000000000000000000000000000000000000000000000000000000000000000000000000000000000000000000000000
info 1 1 1 2 0 5a5a5a5a5a5a5a5a5a5a5a5a5a5a5a5a0000000000000000000d0100000000000100010000000000000000000000000014000000000000000000000000000000000000000000000000000000000000000000000000000000
info 1 1 1 3 0 5a5a5a5a5a5a5a5a5a5a5a5a5a5a5a5a0000000000000000000d0100000000000100010000000000000000000000000014000000000000000000000000000000000000000000000000000000000000000000000000000000
info 1 2 0 0 0 a5a5a5a5a5a5a5a5a5a5a5a5a5a5a5a50000000000000000000d0100000000000100010000000000000000000000000000000000000000000000000000000000000000000000000000000000000000000000000000000000
info 1 2 0 1 0 a5a5a5a5a5a5a5a5a5a5a5a5a5a5a5a50000000000000000000d0100000000000100010000000000000000000000000000000000000000000000000000000000000000000000000000000000000000000000000000000000
info 1 2 0 2 0 a5a5a5a5a5a5a5a5a5a5a5a5a5a5a5a50000000000000000000d0100000000000100010000000000000000000000000000000000000000000000000000000000000000000000000000000000000000000000000000000000
info 1 2 0 3 0 a5a5a5a5a5a5a5a5a5a5a5a5a5a5a5a50000000000000000000d0100000000000100010000000000000000000000000000000000000000000000000000000000000000000000000000000000000000000000000000000000
info 1 2 1 0 0 a5a5a5a5a5a5a5a5a5a5a5a5a5a5a5a50000000000000000000d0100000000000100010000000000000000000000000000000000000000000000000000000000000000000000000000000000000000000000000000000000
info 1 2 1 1 0 a5a5a5a5a5a5a5a5a5a5a5a5a5a5a5a50000000000000000000d0100000000000100010000000000000000000000000000000000000000000000000000000000000000000000000000000000000000000000000000000000
info 1 2 1 2 0 a5a5a5a5a5a5a5a5a5a5a5a5a5a5a5a50000000000000000000d0100000000000100010000000000000000000000000000000000000000000000000000000000000000000000000000000000000000000000000000000000
info 1 2 1 3 0 a5a5a5a5a5a5a5a5a5a5a5a5a5a5a5a50000000000000000000d0100000000000100010000000000000000000000000000000000000000000000000000000000000000000000000000000000000000000000000000000000
info 1 3 0 0 0 a5a5a5a5a5a5a5a5a5a5a5a5a5a5a5a50000000000000000000d0100000000000100010000000000000000000000000000000000000000000000000000000000000000000000000000000000000000000000000000000000
info 1 3 0 1 0 a5a5a5a5a5a5a5a5a5a5a5a5a5a5a5a50000000000000000000d0100000000000100010000000000000000000000000000000000000000000000000000000000000000000000000000000000000000000000000000000000
info 1 3 0 2 0 a5a5a5a5a5a5a5a5a5a5a5a5a5a5a5a50000000000000000000d0100000000000100010000000000000000000000000014000000000000000000000000000000000000000000000000000000000000000000000000000000
info 1 3 0 3 0 a5a5a5a5a5a5a5a5a5a5a5a5a5a5a5a50000000000000000000d0100000000000100010000000000000000000000000014000000000000000000000000000000000000000000000000000000000000000000000000000000
info 1 3 1 0 0 a5a5a5a5a5a5a5a5a5a5a5a5a5a5a5a50000000000000000000d0100000000000100010000000000000000000000000000000000000000000000000000000000000000000000000000000000000000000000000000000000
info 1 3 1 1 0 a5a5a5a5a5a5a5a5a5a5a5a5a5a5a5a50000000000000000000d0100000000000100010000000000000000000000000000000000000000000000000000000000000000000000000000000000000000000000000000000000
info 1 3 1 2 0 a5a5a5a5a5a5a5a5a5a5a5a5a5a5a5a50000000000000000000d0100000000000100010000000000000000000000000014000000000000000000000000000000000000000000000000000000000000000000000000000000
info 1 3 1 3 0 a5a5a5a5a5a5a5a5a5a5a5a5a5a5a5a50000000000000000000d0100000000000100010000000000000000000000000014000000000000000000000000000000000000000000000000000000000000000000000000000000
info 1 4 0 0 0 5a5a5a5a5a5a5a5a5a5a5a5a5a5a5a5a0000000000000000000d0100000000000100010000000000000000000000000000000000000000000000000000000000000000000000000000000000000000000000000000000000
info 1 4 0 1 0 5a5a5a5a5a5a5a5a5a5a5a5a5a5a5a5a0000000000000000000d0100000000000100010000000000000000000000000000000000000000000000000000000000000000000000000000000000000000000000000000000000
info 1 4 0 2 0 5a5a5a5a5a5a5a5a5a5a5a5a5a5a5a5a0000000000000000000d0100000000000100010000000000000000000000000000000000000000000000000000000000000000000000000000000000000000000000000000000000
info 1 4 0 3 0 5a5a5a5a5a5a5a5a5a5a5a5a5a5a5a5a0000000000000000000d0100000000000100010000000000000000000000000000000000000000000000000000000000000000000000000000000000000000000000000000000000
info 1 4 1 0 18 5a5a5a5a5a5a5a5a5a5a5a5a5a5a5a5a0000000000000000000d0100000000000100010000000000000000000000000000000000000000000000000000000000000000000000000000000000000000000000000000000000
info 1 4 1 1 18 5a5a5a5a5a5a5a5a5a5a5a5a5a5a5a5a0000000000000000000d0100000000000100010000000000000000000000000000000000000000000000000000000000000000000000000000000000000000000000000000000000
info 1 4 1 2 18 5a5a5a5a5a5a5a5a5a5a5a5a5a5a5a5a0000000000000000000d0100000000000100010000000000000000000000000000000000000000000000000000000000000000000000000000000000000000000000000000000000
info 1 4 1 3 18 5a5a5a5a5a5a5a5a5a5a5a5a5a5a5a5a0000000000000000000d0100000000000100010000000000000000000000000000000000000000000000000000000000000000000000000000000000000000000000000000000000
info 1 5 0 0 0 5a5a5a5a5a5a5a5a5a5a5a5a5a5a5a5a0000000000000000000d0100000000000100010000000000000000000000000000000000000000000000000000000000000000000000000000000000000000000000000000000000
info 1 5 0 1 0 5a5a5a5a5a5a5a5a5a5a5a5a5a5a5a5a0000000000000000000d0100000000000100010000000000000000000000000000000000000000000000000000000000000000000000000000000000000000000000000000000000
info 1 5 0 2 0 5a5a5a5a5a5a5a5a5a5a5a5a5a5a5a5a0000000000000000000d0100000000000100010000000000000000000000000014000000000000000000000000000000000000000000000000000000000000000000000000000000
info 1 5 0 3 0 5a5a5a5a5a5a5a5a5a5a5a5a5a5a5a5a0000000000000000000d0100000000000100010000000000000000000000000014000000000000000000000000000000000000000000000000000000000000000000000000000000
info 1 5 1 0 18 5a5a5a5a5a5a5a5a5a5a5a5a5a5a5a5a0000000000000000000d0100000000000100010000000000000000000000000000000000000000000000000000000000000000000000000000000000000000000000000000000000
info 1 5 1 1 18 5a5a5a5a5a5a5a5a5a5a5a5a5a5a5a5a0000000000000000000d0100000000000100010000000000000000000000000000000000000000000000000000000000000000000000000000000000000000000000000000000000
info 1 5 1 2 18 5a5a5a5a5a5a5a5a5a5a5a5a5a5a5a5a0000000000000000000d0100000000000100010000000000000000000000000000000000000000000000000000000000000000000000000000000000000000000000000000000000
info 1 5 1 3 18 5a5a5a5a5a5a5a5a5a5a5a5a5a5a5a5a0000000000000000000d0100000000000100010000000000000000000000000000000000000000000000000000000000000000000000000000000000000000000000000000000000
info 1 6 0 0 0 a5a5a5a5a5a5a5a5a5a5a5a5a5a5a5a50000000000000000000d0100000000000100010000000000000000000000000000000000000000000000000000000000000000000000000000000000000000000000000000000000
info 1 6 0 1 0 a5a5a5a5a5a5a5a5a5a5a5a5a5a5a5a50000000000000000000d0100000000000100010000000000000000000000000000000000000000000000000000000000000000000000000000000000000000000000000000000000
info 1 6 0 2 0 a5a5a5a5a5a5a5a5a5a5a5a5a5a5a5a50000000000000000000d0100000000000100010000000000000000000000000000000000000000000000000000000000000000000000000000000000000000000000000000000000
info 1 6 0 3 0 a5a5a5a5a5a5a5a5a5a5a5a5a5a5a5a50000000000000000000d0100000000000100010000000000000000000000000000000000000000000000000000000000000000000000000000000000000000000000000000000000
info 1 6 1 0 18 5a5a5a5a5a5a5a5a5a5a5a5a5a5a5a5a0000000000000000000d0100000000000100010000000000000000000000000000000000000000000000000000000000000000000000000000000000000000000000000000000000
info 1 6 1 1 18 5a5a5a5a5a5a5a5a5a5a5a5a5a5a5a5a0000000000000000000d0100000000000100010000000000000000000000000000000000000000000000000000000000000000000000000000000000000000000000000000000000
info 1 6 1 2 18 5a5a5a5a5a5a5a5a5a5a5a5a5a5a5a5a0000000000000000000d0100000000000100010000000000000000000000000000000000000000000000000000000000000000000000000000000000000000000000000000000000
info 1 6 1 3 18 5a5a5a5a5a5a5a5a5a5a5a5a5a5a5a5a0000000000000000000d0100000000000100010000000000000000000000000000000000000000000000000000000000000000000000000000000000000000000000000000000000
info 1 7 0 0 0 a5a5a5a5a5a5a5a5a5a5a5a5a5a5a5a50000000000000000000d0100000000000100010000000000000000000000000000000000000000000000000000000000000000000000000000000000000000000000000000000000
info 1 7 0 1 0 a5a5a5a5a5a5a5a5a5a5a5a5a5a5a5a50000000000000000000d0100000000000100010000000000000000000000000000000000000000000000000000000000000000000000000000000000000000000000000000000000
info 1 7 0 2 0 a5a5a5a5a5a5a5a5a5a5a5a5a5a5a5a50000000000000000000d0100000000000100010000000000000000000000000014000000000000000000000000000000000000000000000000000000000000000000000000000000
info 1 7 0 3 0 a5a5a5a5a5a5a5a5a5a5a5a5a5a5a5a50000000000000000000d0100000000000100010000000000000000000000000014000000000000000000000000000000000000000000000000000000000000000000000000000000
info 1 7 1 0 18 5a5a5a5a5a5a5a5a5a5a5a5a5a5a5a5a0000000000000000000d0100000000000100010000000000000000000000000000000000000000000000000000000000000000000000000000000000000000000000000000000000
info 1 7 1 1 18 5a5a5a5a5a5a5a5a5a5a5a5a5a5a5a5a0000000000000000000d0100000000000100010000000000000000000000000000000000000000000000000000000000000000000000000000000000000000000000000000000000
info 1 7 1 2 18 5a5a5a5a5a5a5a5a5a5a5a5a5a5a5a5a0000000000000000000d0100000000000100010000000000000000000000000000000000000000000000000000000000000000000000000000000000000000000000000000000000
info 1 7 1 3 18 5a5a5a5a5a5a5a5a5a5a5a5a5a5a5a5a0000000000000000000d0100000000000100010000000000000000000000000000000000000000000000000000000000000000000000000000000000000000000000000000000000
info 1 8 0 0 0 5a5a5a5a5a5a5a5a5a5a5a5a5a5a5a5a0000000000000000000d0100000000000100010000000000000000000000000000000000000000000000000000000000000000000000000000000000000000000000000000000000
info 1 8 0 1 0 5a5a5a5a5a5a5a5a5a5a5a5a5a5a5a5a0000000000000000000d0100000000000100010000000000000000000000000008000000000000000000000000000000000000000000000000000000000000000000000000000000
info 1 8 0 2 0 5a5a5a5a5a5a5a5a5a5a5a5a5a5a5a5a0000000000000000000d0100000000000100010000000000000000000000000000000000000000000000000000000000000000000000000000000000000000000000000000000000
info 1 8 0 3 0 5a5a5a5a5a5a5a5a5a5a5a5a5a5a5a5a0000000000000000000d0100000000000100010000000000000000000000000008000000000000000000000000000000000000000000000000000000000000000000000000000000
info 1 8 1 0 0 5a5a5a5a5a5a5a5a5a5a5a5a5a5a5a5a0000000000000000000d0100000000000100010000000000000000000000000000000000000000000000000000000000000000000000000000000000000000000000000000000000
info 1 8 1 1 0 5a5a5a5a5a5a5a5a5a5a5a5a5a5a5a5a0000000000000000000d0100000000000100010000000000000000000000000008000000000000000000000000000000000000000000000000000000000000000000000000000000
info 1 8 1 2 0 5a5a5a5a5a5a5a5a5a5a5a5a5a5a5a5a0000000000000000000d0100000000000100010000000000000000000000000000000000000000000000000000000000000000000000000000000000000000000000000000000000
info 1 8 1 3 0 5a5a5a5a5a5a5a5a5a5a5a5a5a5a5a5a0000000000000000000d0100000000000100010000000000000000000000000008000000000000000000000000000000000000000000000000000000000000000000000000000000
info 1 9 0 0 0 5a5a5a5a5a5a5a5a5a5a5a5a5a5a5a5a0000000000000000000d0100000000000100010000000000000000000000000000000000000000000000000000000000000000000000000000000000000000000000000000000000
info 1 9 0 1 0 5a5a5a5a5a5a5a5a5a5a5a5a5a5a5a5a0000000000000000000d0100000000000100010000000000000000000000000008000000000000000000000000000000000000000000000000000000000000000000000000000000
info 1 9 0 2 0 5a5a5a5a5a5a5a5a5a5a5a5a5a5a5a5a0000000000000000000d0100000000000100010000000000000000000000000014000000000000000000000000000000000000000000000000000000000000000000000000000000
info 1 9 0 3 0 5a5a5a5a5a5a5a5a5a5a5a5a5a5a5a5a0000000000000000000d010000000000010001000000000000000000000000001c000000000000000000000000000000000000000000000000000000000000000000000000000000
info 1 9 1 0 0 5a5a5a5a5a5a5a5a5a5a5a5a5a5a5a5a0000000000000000000d0100000000000100010000000000000000000000000000000000000000000000000000000000000000000000000000000000000000000000000000000000
info 1 9 1 1 0 5a5a5a5a5a5a5a5a5a5a5a5a5a5a5a5a0000000000000000000d0100000000000100010000000000000000000000000008000000000000000000000000000000000000000000000000000000000000000000000000000000
info 1 9 1 2 0 5a5a5a5a5a5a5a5a5a5a5a5a5a5a5a5a0000000000000000000d0100000000000100010000000000000000000000000014000000000000000000000000000000000000000000000000000000000000000000000000000000
info 1 9 1 3 0 5a5a5a5a5a5a5a5a5a5a5a5a5a5a5a5a0000000000000000000d010000000000010001000000000000000000000000001c000000000000000000000000000000000000000000000000000000000000000000000000000000
info 1 10 0 0 0 a5a5a5a5a5a5a5a5a5a5a5a5a5a5a5a50000000000000000000d0100000000000100010000000000000000000000000000000000000000000000000000000000000000000000000000000000000000000000000000000000
info 1 10 0 1 0 a5a5a5a5a5a5a5a5a5a5a5a5a5a5a5a50000000000000000000d0100000000000100010000000000000000000000000008000000000000000000000000000000000000000000000000000000000000000000000000000000
info 1 10 0 2 0 a5a5a5a5a5a5a5a5a5a5a5a5a5a5a5a50000000000000000000d0100000000000100010000000000000000000000000000000000000000000000000000000000000000000000000000000000000000000000000000000000
info 1 10 0 3 0 a5a5a5a5a5a5a5a5a5a5a5a5a5a5a5a50000000000000000000d0100000000000100010000000000000000000000000008000000000000000000000000000000000000000000000000000000000000000000000000000000
info 1 10 1 0 0 a5a5a5a5a5a5a5a5a5a5a5a5a5a5a5a50000000000000000000d0100000000000100010000000000000000000000000000000000000000000000000000000000000000000000000000000000000000000000000000000000
info 1 10 1 1 0 a5a5a5a5a5a5a5a5a5a5a5a5a5a5a5a50000000000000000000d0100000000000100010000000000000000000000000008000000000000000000000000000000000000000000000000000000000000000000000000000000
info 1 10 1 2 0 a5a5a5a5a5a5a5a5a5a5a5a5a5a5a5a50000000000000000000d0100000000000100010000000000000000000000000000000000000000000000000000000000000000000000000000000000000000000000000000000000
info 1 10 1 3 0 a5a5a5a5a5a5a5a5a5a5a5a5a5a5a5a50000000000000000000d0100000000000100010000000000000000000000000008000000000000000000000000000000000000000000000000000000000000000000000000000000
info 1 11 0 0 0 a5a5a5a5a5a5a5a5a5a5a5a5a5a5a5a50000000000000000000d0100000000000100010000000000000000000000000000000000000000000000000000000000000000000000000000000000000000000000000000000000
info 1 11 0 1 0 a5a5a5a5a5a5a5a5a5a5a5a5a5a5a5a50000000000000000000d0100000000000100010000000000000000000000000008000000000000000000000000000000000000000000000000000000000000000000000000000000
info 1 11 0 2 0 a5a5a5a5a5a5a5a5a5a5a5a5a5a5a5a50000000000000000000d0100000000000100010000000000000000000000000014000000000000000000000000000000000000000000000000000000000000000000000000000000
info 1 11 0 3 0 a5a5a5a5a5a5a5a5a5a5a5a5a5a5a5a50000000000000000000d010000000000010001000000000000000000000000001c000000000000000000000000000000000000000000000000000000000000000000000000000000
info 1 11 1 0 0 a5a5a5a5a5a5a5a5a5a5a5a5a5a5a5a50000000000000000000d0100000000000100010000000000000000000000000000000000000000000000000000000000000000000000000000000000000000000000000000000000
info 1 11 1 1 0 a5a5a5a5a5a5a5a5a5a5a5a5a5a5a5a50000000000000000000d0100000000000100010000000000000000000000000008000000000000000000000000000000000000000000000000000000000000000000000000000000
info 1 11 1 2 0 a5a5a5a5a5a5a5a5a5a5a5a5a5a5a5a50000000000000000000d0100000000000100010000000000000000000000000014000000000000000000000000000000000000000000000000000000000000000000000000000000
info 1 11 1 3 0 a5a5a5a5a5a5a5a5a5a5a5a5a5a5a5a50000000000000000000d010000000000010001000000000000000000000000001c000000000000000000000000000000000000000000000000000000000000000000000000000000
info 1 12 0 0 0 5a5a5a5a5a5a5a5a5a5a5a5a5a5a5a5a0000000000000000000d0100000000000100010000000000000000000000000000000000000000000000000000000000000000000000000000000000000000000000000000000000
info 1 12 0 1 0 5a5a5a5a5a5a5a5a5a5a5a5a5a5a5a5a0000000000000000000d0100000000000100010000000000000000000000000008000000000000000000000000000000000000000000000000000000000000000000000000000000
info 1 12 0 2 0 5a5a5a5a5a5a5a5a5a5a5a5a5a5a5a5a0000000000000000000d0100000000000100010000000000000000000000000000000000000000000000000000000000000000000000000000000000000000000000000000000000
info 1 12 0 3 0 5a5a5a5a5a5a5a5a5a5a5a5a5a5a5a5a0000000000000000000d0100000000000100010000000000000000000000000008000000000000000000000000000000000000000000000000000000000000000000000000000000
info 1 12 1 0 18 5a5a5a5a5a5a5a5a5a5a5a5a5a5a5a5a0000000000000000000d0100000000000100010000000000000000000000000000000000000000000000000000000000000000000000000000000000000000000000000000000000
info 1 12 1 1 18 5a5a5a5a5a5a5a5a5a5a5a5a5a5a5a5a0000000000000000000d0100000000000100010000000000000000000000000000000000000000000000000000000000000000000000000000000000000000000000000000000000
info 1 12 1 2 18 5a5a5a5a5a5a5a5a5a5a5a5a5a5a5a5a0000000000000000000d0100000000000100010000000000000000000000000000000000000000000000000000000000000000000000000000000000000000000000000000000000
info 1 12 1 3 18 5a5a5a5a5a5a5a5a5a5a5a5a5a5a5a5a0000000000000000000d0100000000000100010000000000000000000000000000000000000000000000000000000000000000000000000000000000000000000000000000000000
info 1 13 0 0 0 5a5a5a5a5a5a5a5a5a5a5a5a5a5a5a5a0000000000000000000d0100000000000100010000000000000000000000000000000000000000000000000000000000000000000000000000000000000000000000000000000000
info 1 13 0 1 0 5a5a5a5a5a5a5a5a5a5a5a5a5a5a5a5a0000000000000000000d0100000000000100010000000000000000000000000008000000000000000000000000000000000000000000000000000000000000000000000000000000
info 1 13 0 2 0 5a5a5a5a5a5a5a5a5a5a5a5a5a5a5a5a0000000000000000000d0100000000000100010000000000000000000000000014000000000000000000000000000000000000000000000000000000000000000000000000000000
info 1 13 0 3 0 5a5a5a5a5a5a5a5a5a5a5a5a5a5a5a5a0000000000000000000d010000000000010001000000000000000000000000001c000000000000000000000000000000000000000000000000000000000000000000000000000000
info 1 13 1 0 18 5a5a5a5a5a5a5a5a5a5a5a5a5a5a5a5a0000000000000000000d0100000000000100010000000000000000000000000000000000000000000000000000000000000000000000000000000000000000000000000000000000
info 1 13 1 1 18 5a5a5a5a5a5a5a5a5a5a5a5a5a5a5a5a0000000000000000000d0100000000000100010000000000000000000000000000000000000000000000000000000000000000000000000000000000000000000000000000000000
info 1 13 1 2 18 5a5a5a5a5a5a5a5a5a5a5a5a5a5a5a5a0000000000000000000d0100000000000100010000000000000000000000000000000000000000000000000000000000000000000000000000000000000000000000000000000000
info 1 13 1 3 18 5a5a5a5a5a5a5a5a5a5a5a5a5a5a5a5a0000000000000000000d0100000000000100010000000000000000000000000000000000000000000000000000000000000000000000000000000000000000000000000000000000
info 1 14 0 0 0 a5a5a5a5a5a5a5a5a5a5a5a5a5a5a5a50000000000000000000d0100000000000100010000000000000000000000000000000000000000000000000000000000000000000000000000000000000000000000000000000000
info 1 14 0 1 0 a5a5a5a5a5a5a5a5a5a5a5a5a5a5a5a50000000000000000000d0100000000000100010000000000000000000000000008000000000000000000000000000000000000000000000000000000000000000000000000000000
info 1 14 0 2 0 a5a5a5a5a5a5a5a5a5a5a5a5a5a5a5a50000000000000000000d0100000000000100010000000000000000000000000000000000000000000000000000000000000000000000000000000000000000000000000000000000
info 1 14 0 3 0 a5a5a5a5a5a5a5a5a5a5a5a5a5a5a5a50000000000000000000d0100000000000100010000000000000000000000000008000000000000000000000000000000000000000000000000000000000000000000000000000000
info 1 14 1 0 18 5a5a5a5a5a5a5a5a5a5a5a5a5a5a5a5a0000000000000000000d0100000000000100010000000000000000000000000000000000000000000000000000000000000000000000000000000000000000000000000000000000
info 1 14 1 1 18 5a5a5a5a5a5a5a5a5a5a5a5a5a5a5a5a0000000000000000000d0100000000000100010000000000000000000000000000000000000000000000000000000000000000000000000000000000000000000000000000000000
info 1 14 1 2 18 5a5a5a5a5a5a5a5a5a5a5a5a5a5a5a5a0000000000000000000d0100000000000100010000000000000000000000000000000000000000000000000000000000000000000000000000000000000000000000000000000000
info 1 14 1 3 18 5a5a5a5a5a5a5a5a5a5a5a5a5a5a5a5a0000000000000000000d0100000000000100010000000000000000000000000000000000000000000000000000000000000000000000000000000000000000000000000000000000
info 1 15 0 0 0 a5a5a5a5a5a5a5a5a5a5a5a5a5a5a5a50000000000000000000d0100000000000100010000000000000000000000000000000000000000000000000000000000000000000000000000000000000000000000000000000000
info 1 15 0 1 0 a5a5a5a5a5a5a5a5a5a5a5a5a5a5a5a50000000000000000000d0100000000000100010000000000000000000000000008000000000000000000000000000000000000000000000000000000000000000000000000000000
info 1 15 0 2 0 a5a5a5a5a5a5a5a5a5a5a5a5a5a5a5a50000000000000000000d0100000000000100010000000000000000000000000014000000000000000000000000000000000000000000000000000000000000000000000000000000
info 1 15 0 3 0 a5a5a5a5a5a5a5a5a5a5a5a5a5a5a5a50000000000000000000d010000000000010001000000000000000000000000001c000000000000000000000000000000000000000000000000000000000000000000000000000000
info 1 15 1 0 18 5a5a5a5a5a5a5a5a5a5a5a5a5a5a5a5a0000000000000000000d0100000000000100010000000000000000000000000000000000000000000000000000000000000000000000000000000000000000000000000000000000
info 1 15 1 1 18 5a5a5a5a5a5a5a5a5a5a5a5a5a5a5a5a0000000000000000000d0100000000000100010000000000000000000000000000000000000000000000000000000000000000000000000000000000000000000000000000000000
info 1 15 1 2 18 5a5a5a5a5a5a5a5a5a5a5a5a5a5a5a5a0000000000000000000d0100000000000100010000000000000000000000000000000000000000000000000000000000000000000000000000000000000000000000000000000000
info 1 15 1 3 18 5a5a5a5a5a5a5a5a5a5a5a5a5a5a5a5a0000000000000000000d0100000000000100010000000000000000000000000000000000000000000000000000000000000000000000000000000000000000000000000000000000
info 1 16 0 0 24 5a5a5a5a5a5a5a5a5a5a5a5a5a5a5a5a0000000000000000000d0100000000000100010000000000000000000000000000000000000000000000000000000000000000000000000000000000000000000000000000000000
info 1 16 0 1 24 5a5a5a5a5a5a5a5a5a5a5a5a5a5a5a5a0000000000000000000d0100000000000100010000000000000000000000000000000000000000000000000000000000000000000000000000000000000000000000000000000000
info 1 16 0 2 24 5a5a5a5a5a5a5a5a5a5a5a5a5a5a5a5a0000000000000000000d0100000000000100010000000000000000000000000000000000000000000000000000000000000000000000000000000000000000000000000000000000
info 1 16 0 3 24 5a5a5a5a5a5a5a5a5a5a5a5a5a5a5a5a0000000000000000000d0100000000000100010000000000000000000000000000000000000000000000000000000000000000000000000000000000000000000000000000000000
info 1 16 1 0 24 5a5a5a5a5a5a5a5a5a5a5a5a5a5a5a5a0000000000000000000d0100000000000100010000000000000000000000000000000000000000000000000000000000000000000000000000000000000000000000000000000000
info 1 16 1 1 24 5a5a5a5a5a5a5a5a5a5a5a5a5a5a5a5a0000000000000000000d0100000000000100010000000000000000000000000000000000000000000000000000000000000000000000000000000000000000000000000000000000
info 1 16 1 2 24 5a5a5a5a5a5a5a5a5a5a5a5a5a5a5a5a0000000000000000000d0100000000000100010000000000000000000000000000000000000000000000000000000000000000000000000000000000000000000000000000000000
info 1 16 1 3 24 5a5a5a5a5a5a5a5a5a5a5a5a5a5a5a5a0000000000000000000d0100000000000100010000000000000000000000000000000000000000000000000000000000000000000000000000000000000000000000000000000000
info 1 17 0 0 24 5a5a5a5a5a5a5a5a5a5a5a5a5a5a5a5a0000000000000000000d0100000000000100010000000000000000000000000000000000000000000000000000000000000000000000000000000000000000000000000000000000
info 1 17 0 1 24 5a5a5a5a5a5a5a5a5a5a5a5a5a5a5a5a0000000000000000000d0100000000000100010000000000000000000000000000000000000000000000000000000000000000000000000000000000000000000000000000000000
info 1 17 0 2 24 5a5a5a5a5a5a5a5a5a5a5a5a5a5a5a5a0000000000000000000d0100000000000100010000000000000000000000000000000000000000000000000000000000000000000000000000000000000000000000000000000000
info 1 17 0 3 24 5a5a5a5a5a5a5a5a5a5a5a5a5a5a5a5a0000000000000000000d0100000000000100010000000000000000000000000000000000000000000000000000000000000000000000000000000000000000000000000000000000
info 1 17 1 0 24 5a5a5a5a5a5a5a5a5a5a5a5a5a5a5a5a0000000000000000000d0100000000000100010000000000000000000000000000000000000000000000000000000000000000000000000000000000000000000000000000000000
info 1 17 1 1 24 5a5a5a5a5a5a5a5a5a5a5a5a5a5a5a5a0000000000000000000d0100000000000100010000000000000000000000000000000000000000000000000000000000000000000000000000000000000000000000000000000000
info 1 17 1 2 24 5a5a5a5a5a5a5a5a5a5a5a5a5a5a5a5a0000000000000000000d0100000000000100010000000000000000000000000000000000000000000000000000000000000000000000000000000000000000000000000000000000
info 1 17 1 3 24 5a5a5a5a5a5a5a5a5a5a5a5a5a5a5a5a0000000000000000000d0100000000000100010000000000000000000000000000000000000000000000000000000000000000000000000000000000000000000000000000000000
info 2 -1 0 0 24 5a5a5a5a5a5a5a5a5a5a5a5a5a5a5a5a0000000000000000000d0100000000000100010000000000000000000000000000000000000000000000000000000000000000000000000000000000000000000000000000000000
info 2 -1 0 1 24 5a5a5a5a5a5a5a5a5a5a5a5a5a5a5a5a0000000000000000000d0100000000000100010000000000000000000000000000000000000000000000000000000000000000000000000000000000000000000000000000000000
info 2 -1 0 2 24 5a5a5a5a5a5a5a5a5a5a5a5a5a5a5a5a0000000000000000000d0100000000000100010000000000000000000000000000000000000000000000000000000000000000000000000000000000000000000000000000000000
info 2 -1 0 3 24 5a5a5a5a5a5a5a5a5a5a5a5a5a5a5a5a0000000000000000000d0100000000000100010000000000000000000000000000000000000000000000000000000000000000000000000000000000000000000000000000000000
info 2 -1 1 0 24 5a5a5a5a5a5a5a5a5a5a5a5a5a5a5a5a0000000000000000000d0100000000000100010000000000000000000000000000000000000000000000000000000000000000000000000000000000000000000000000000000000
info 2 -1 1 1 24 5a5a5a5a5a5a5a5a5a5a5a5a5a5a5a5a0000000000000000000d0100000000000100010000000000000000000000000000000000000000000000000000000000000000000000000000000000000000000000000000000000
info 2 -1 1 2 24 5a5a5a5a5a5a5a5a5a5a5a5a5a5a5a5a0000000000000000000d0100000000000100010000000000000000000000000000000000000000000000000000000000000000000000000000000000000000000000000000000000
info 2 -1 1 3 24 5a5a5a5a5a5a5a5a5a5a5a5a5a5a5a5a0000000000000000000d0100000000000100010000000000000000000000000000000000000000000000000000000000000000000000000000000000000000000000000000000000
info 2 0 0 0 0 5a5a5a5a5a5a5a5a5a5a5a5a5a5a5a5a0000000000000000000d0100000000000100010000000000000000000000000000000000000000000000000000000000000000000000000000000000000000000000000000000000
info 2 0 0 1 0 5a5a5a5a5a5a5a5a5a5a5a5a5a5a5a5a0000000000000000000d0100000000000100010000000000000000000000000000000000000000000000000000000000000000000000000000000000000000000000000000000000
info 2 0 0 2 0 5a5a5a5a5a5a5a5a5a5a5a5a5a5a5a5a0000000000000000000d0100000000000100010000000000000000000000000000000000000000000000000000000000000000000000000000000000000000000000000000000000
info 2 0 0 3 0 5a5a5a5a5a5a5a5a5a5a5a5a5a5a5a5a0000000000000000000d0100000000000100010000000000000000000000000000000000000000000000000000000000000000000000000000000000000000000000000000000000
info 2 0 1 0 0 5a5a5a5a5a5a5a5a5a5a5a5a5a5a5a5a0000000000000000000d0100000000000100010000000000000000000000000000000000000000000000000000000000000000000000000000000000000000000000000000000000
info 2 0 1 1 0 5a5a5a5a5a5a5a5a5a5a5a5a5a5a5a5a0000000000000000000d0100000000000100010000000000000000000000000000000000000000000000000000000000000000000000000000000000000000000000000000000000
info 2 0 1 2 0 5a5a5a5a5a5a5a5a5a5a5a5a5a5a5a5a0000000000000000000d0100000000000100010000000000000000000000000000000000000000000000000000000000000000000000000000000000000000000000000000000000
info 2 0 1 3 0 5a5a5a5a5a5a5a5a5a5a5a5a5a5a5a5a0000000000000000000d0100000000000100010000000000000000000000000000000000000000000000000000000000000000000000000000000000000000000000000000000000
info 2 1 0 0 0 5a5a5a5a5a5a5a5a5a5a5a5a5a5a5a5a0000000000000000000d0100000000000100010000000000000000000000000000000000000000000000000000000000000000000000000000000000000000000000000000000000
info 2 1 0 1 0 5a5a5a5a5a5a5a5a5a5a5a5a5a5a5a5a0000000000000000000d0100000000000100010000000000000000000000000000000000000000000000000000000000000000000000000000000000000000000000000000000000
info 2 1 0 2 0 5a5a5a5a5a5a5a5a5a5a5a5a5a5a5a5a0000000000000000000d0100000000000100010000000000000000000000000014000000000000000000000000000000000000000000000000000000000000000000000000000000
info 2 1 0 3 0 5a5a5a5a5a5a5a5a5a5a5a5a5a5a5a5a0000000000000000000d0100000000000100010000000000000000000000000014000000000000000000000000000000000000000000000000000000000000000000000000000000
info 2 1 1 0 0 5a5a5a5a5a5a5a5a5a5a5a5a5a5a5a5a0000000000000000000d0100000000000100010000000000000000000000000000000000000000000000000000000000000000000000000000000000000000000000000000000000
info 2 1 1 1 0 5a5a5a5a5a5a5a5a5a5a5a5a5a5a5a5a0000000000000000000d0100000000000100010000000000000000000000000000000000000000000000000000000000000000000000000000000000000000000000000000000000
info 2 1 1 2 0 5a5a5a5a5a5a5a5a5a5a5a5a5a5a5a5a0000000000000000000d0100000000000100010000000000000000000000000014000000000000000000000000000000000000000000000000000000000000000000000000000000
info 2 1 1 3 0 5a5a5a5a5a5a5a5a5a5a5a5a5a5a5a5a0000000000000000000d0100000000000100010000000000000000000000000014000000000000000000000000000000000000000000000000000000000000000000000000000000
info 2 2 0 0 0 a5a5a5a5a5a5a5a5a5a5a5a5a5a5a5a50000000000000000000d0100000000000100010000000000000000000000000000000000000000000000000000000000000000000000000000000000000000000000000000000000
info 2 2 0 1 0 a5a5a5a5a5a5a5a5a5a5a5a5a5a5a5a50000000000000000000d0100000000000100010000000000000000000000000000000000000000000000000000000000000000000000000000000000000000000000000000000000
info 2 2 0 2 0 a5a5a5a5a5a5a5a5a5a5a5a5a5a5a5a50000000000000000000d0100000000000100010000000000000000000000000000000000000000000000000000000000000000000000000000000000000000000000000000000000
info 2 2 0 3 0 a5a5a5a5a5a5a5a5a5a5a5a5a5a5a5a50000000000000000000d0100000000000100010000000000000000000000000000000000000000000000000000000000000000000000000000000000000000000000000000000000
info 2 2 1 0 0 a5a5a5a5a5a5a5a5a5a5a5a5a5a5a5a50000000000000000000d0100000000000100010000000000000000000000000000000000000000000000000000000000000000000000000000000000000000000000000000000000
info 2 2 1 1 0 a5a5a5a5a5a5a5a5a5a5a5a5a5a5a5a50000000000000000000d0100000000000100010000000000000000000000000000000000000000000000000000000000000000000000000000000000000000000000000000000000
info 2 2 1 2 0 a5a5a5a5a5a5a5a5a5a5a5a5a5a5a5a50000000000000000000d0100000000000100010000000000000000000000000000000000000000000000000000000000000000000000000000000000000000000000000000000000
info 2 2 1 3 0 a5a5a5a5a5a5a5a5a5a5a5a5a5a5a5a50000000000000000000d0100000000000100010000000000000000000000000000000000000000000000000000000000000000000000000000000000000000000000000000000000
info 2 3 0 0 0 a5a5a5a5a5a5a5a5a5a5a5a5a5a5a5a50000000000000000000d0100000000000100010000000000000000000000000000000000000000000000000000000000000000000000000000000000000000000000000000000000
info 2 3 0 1 0 a5a5a5a5a5a5a5a5a5a5a5a5a5a5a5a50000000000000000000d0100000000000100010000000000000000000000000000000000000000000000000000000000000000000000000000000000000000000000000000000000
info 2 3 0 2 0 a5a5a5a5a5a5a5a5a5a5a5a5a5a5a5a50000000000000000000d0100000000000100010000000000000000000000000014000000000000000000000000000000000000000000000000000000000000000000000000000000
info 2 3 0 3 0 a5a5a5a5a5a5a5a5a5a5a5a5a5a5a5a50000000000000000000d0100000000000100010000000000000000000000000014000000000000000000000000000000000000000000000000000000000000000000000000000000
info 2 3 1 0 0 a5a5a5a5a5a5a5a5a5a5a5a5a5a5a5a50000000000000000000d0100000000000100010000000000000000000000000000000000000000000000000000000000000000000000000000000000000000000000000000000000
info 2 3 1 1 0 a5a5a5a5a5a5a5a5a5a5a5a5a5a5a5a50000000000000000000d0100000000000100010000000000000000000000000000000000000000000000000000000000000000000000000000000000000000000000000000000000
info 2 3 1 2 0 a5a5a5a5a5a5a5a5a5a5a5a5a5a5a5a50000000000000000000d0100000000000100010000000000000000000000000014000000000000000000000000000000000000000000000000000000000000000000000000000000
info 2 3 1 3 0 a5a5a5a5a5a5a5a5a5a5a5a5a5a5a5a50000000000000000000d0100000000000100010000000000000000000000000014000000000000000000000000000000000000000000000000000000000000000000000000000000
info 2 4 0 0 0 5a5a5a5a5a5a5a5a5a5a5a5a5a5a5a5a0000000000000000000d0100000000000100010000000000000000000000000000000000000000000000000000000000000000000000000000000000000000000000000000000000
info 2 4 0 1 0 5a5a5a5a5a5a5a5a5a5a5a5a5a5a5a5a0000000000000000000d0100000000000100010000000000000000000000000000000000000000000000000000000000000000000000000000000000000000000000000000000000
info 2 4 0 2 0 5a5a5a5a5a5a5a5a5a5a5a5a5a5a5a5a0000000000000000000d0100000000000100010000000000000000000000000000000000000000000000000000000000000000000000000000000000000000000000000000000000
info 2 4 0 3 0 5a5a5a5a5a5a5a5a5a5a5a5a5a5a5a5a0000000000000000000d0100000000000100010000000000000000000000000000000000000000000000000000000000000000000000000000000000000000000000000000000000
info 2 4 1 0 18 5a5a5a5a5a5a5a5a5a5a5a5a5a5a5a5a0000000000000000000d0100000000000100010000000000000000000000000000000000000000000000000000000000000000000000000000000000000000000000000000000000
info 2 4 1 1 18 5a5a5a5a5a5a5a5a5a5a5a5a5a5a5a5a0000000000000000000d0100000000000100010000000000000000000000000000000000000000000000000000000000000000000000000000000000000000000000000000000000
info 2 4 1 2 18 5a5a5a5a5a5a5a5a5a5a5a5a5a5a5a5a0000000000000000000d0100000000000100010000000000000000000000000000000000000000000000000000000000000000000000000000000000000000000000000000000000
info 2 4 1 3 18 5a5a5a5a5a5a5a5a5a5a5a5a5a5a5a5a0000000000000000000d0100000000000100010000000000000000000000000000000000000000000000000000000000000000000000000000000000000000000000000000000000
info 2 5 0 0 0 5a5a5a5a5a5a5a5a5a5a5a5a5a5a5a5a0000000000000000000d0100000000000100010000000000000000000000000000000000000000000000000000000000000000000000000000000000000000000000000000000000
info 2 5 0 1 0 5a5a5a5a5a5a5a5a5a5a5a5a5a5a5a5a0000000000000000000d0100000000000100010000000000000000000000000000000000000000000000000000000000000000000000000000000000000000000000000000000000
info 2 5 0 2 0 5a5a5a5a5a5a5a5a5a5a5a5a5a5a5a5a0000000000000000000d0100000000000100010000000000000000000000000014000000000000000000000000000000000000000000000000000000000000000000000000000000
info 2 5 0 3 0 5a5a5a5a5a5a5a5a5a5a5a5a5a5a5a5a0000000000000000000d0100000000000100010000000000000000000000000014000000000000000000000000000000000000000000000000000000000000000000000000000000
info 2 5 1 0 18 5a5a5a5a5a5a5a5a5a5a5a5a5a5a5a5a0000000000000000000d0100000000000100010000000000000000000000000000000000000000000000000000000000000000000000000000000000000000000000000000000000
info 2 5 1 1 18 5a5a5a5a5a5a5a5a5a5a5a5a5a5a5a5a0000000000000000000d0100000000000100010000000000000000000000000000000000000000000000000000000000000000000000000000000000000000000000000000000000
info 2 5 1 2 18 5a5a5a5a5a5a5a5a5a5a5a5a5a5a5a5a0000000000000000000d0100000000000100010000000000000000000000000000000000000000000000000000000000000000000000000000000000000000000000000000000000
info 2 5 1 3 18 5a5a5a5a5a5a5a5a5a5a5a5a5a5a5a5a0000000000000000000d0100000000000100010000000000000000000000000000000000000000000000000000000000000000000000000000000000000000000000000000000000
info 2 6 0 0 0 a5a5a5a5a5a5a5a5a5a5a5a5a5a5a5a50000000000000000000d0100000000000100010000000000000000000000000000000000000000000000000000000000000000000000000000000000000000000000000000000000
info 2 6 0 1 0 a5a5a5a5a5a5a5a5a5a5a5a5a5a5a5a50000000000000000000d0100000000000100010000000000000000000000000000000000000000000000000000000000000000000000000000000000000000000000000000000000
info 2 6 0 2 0 a5a5a5a5a5a5a5a5a5a5a5a5a5a5a5a50000000000000000000d0100000000000100010000000000000000000000000000000000000000000000000000000000000000000000000000000000000000000000000000000000
info 2 6 0 3 0 a5a5a5a5a5a5a5a5a5a5a5a5a5a5a5a50000000000000000000d0100000000000100010000000000000000000000000000000000000000000000000000000000000000000000000000000000000000000000000000000000
info 2 6 1 0 18 5a5a5a5a5a5a5a5a5a5a5a5a5a5a5a5a0000000000000000000d0100000000000100010000000000000000000000000000000000000000000000000000000000000000000000000000000000000000000000000000000000
info 2 6 1 1 18 5a5a5a5a5a5a5a5a5a5a5a5a5a5a5a5a0000000000000000000d0100000000000100010000000000000000000000000000000000000000000000000000000000000000000000000000000000000000000000000000000000
info 2 6 1 2 18 5a5a5a5a5a5a5a5a5a5a5a5a5a5a5a5a0000000000000000000d0100000000000100010000000000000000000000000000000000000000000000000000000000000000000000000000000000000000000000000000000000
info 2 6 1 3 18 5a5a5a5a5a5a5a5a5a5a5a5a5a5a5a5a0000000000000000000d0100000000000100010000000000000000000000000000000000000000000000000000000000000000000000000000000000000000000000000000000000
info 2 7 0 0 0 a5a5a5a5a5a5a5a5a5a5a5a5a5a5a5a50000000000000000000d0100000000000100010000000000000000000000000000000000000000000000000000000000000000000000000000000000000000000000000000000000
info 2 7 0 1 0 a5a5a5a5a5a5a5a5a5a5a5a5a5a5a5a50000000000000000000d0100000000000100010000000000000000000000000000000000000000000000000000000000000000000000000000000000000000000000000000000000
info 2 7 0 2 0 a5a5a5a5a5a5a5a5a5a5a5a5a5a5a5a50000000000000000000d0100000000000100010000000000000000000000000014000000000000000000000000000000000000000000000000000000000000000000000000000000
info 2 7 0 3 0 a5a5a5a5a5a5a5a5a5a5a5a5a5a5a5a50000000000000000000d0100000000000100010000000000000000000000000014000000000000000000000000000000000000000000000000000000000000000000000000000000
info 2 7 1 0 18 5a5a5a5a5a5a5a5a5a5a5a5a5a5a5a5a0000000000000000000d0100000000000100010000000000000000000000000000000000000000000000000000000000000000000000000000000000000000000000000000000000
info 2 7 1 1 18 5a5a5a5a5a5a5a5a5a5a5a5a5a5a5a5a0000000000000000000d0100000000000100010000000000000000000000000000000000000000000000000000000000000000000000000000000000000000000000000000000000
info 2 7 1 2 18 5a5a5a5a5a5a5a5a5a5a5a5a5a5a5a5a0000000000000000000d0100000000000100010000000000000000000000000000000000000000000000000000000000000000000000000000000000000000000000000000000000
info 2 7 1 3 18 5a5a5a5a5a5a5a5a5a5a5a5a5a5a5a5a0000000000000000000d0100000000000100010000000000000000000000000000000000000000000000000000000000000000000000000000000000000000000000000000000000
info 2 8 0 0 0 5a5a5a5a5a5a5a5a5a5a5a5a5a5a5a5a0000000000000000000d0100000000000100010000000000000000000000000000000000000000000000000000000000000000000000000000000000000000000000000000000000
info 2 8 0 1 0 5a5a5a5a5a5a5a5a5a5a5a5a5a5a5a5a0000000000000000000d0100000000000100010000000000000000000000000008000000000000000000000000000000000000000000000000000000000000000000000000000000
info 2 8 0 2 0 5a5a5a5a5a5a5a5a5a5a5a5a5a5a5a5a0000000000000000000d0100000000000100010000000000000000000000000000000000000000000000000000000000000000000000000000000000000000000000000000000000
info 2 8 0 3 0 5a5a5a5a5a5a5a5a5a5a5a5a5a5a5a5a0000000000000000000d0100000000000100010000000000000000000000000008000000000000000000000000000000000000000000000000000000000000000000000000000000
info 2 8 1 0 0 5a5a5a5a5a5a5a5a5a5a5a5a5a5a5a5a0000000000000000000d0100000000000100010000000000000000000000000000000000000000000000000000000000000000000000000000000000000000000000000000000000
info 2 8 1 1 0 5a5a5a5a5a5a5a5a5a5a5a5a5a5a5a5a0000000000000000000d0100000000000100010000000000000000000000000008000000000000000000000000000000000000000000000000000000000000000000000000000000
info 2 8 1 2 0 5a5a5a5a5a5a5a5a5a5a5a5a5a5a5a5a0000000000000000000d0100000000000100010000000000000000000000000000000000000000000000000000000000000000000000000000000000000000000000000000000000
info 2 8 1 3 0 5a5a5a5a5a5a5a5a5a5a5a5a5a5a5a5a0000000000000000000d0100000000000100010000000000000000000000000008000000000000000000000000000000000000000000000000000000000000000000000000000000
info 2 9 0 0 0 5a5a5a5a5a5a5a5a5a5a5a5a5a5a5a5a0000000000000000000d0100000000000100010000000000000000000000000000000000000000000000000000000000000000000000000000000000000000000000000000000000
info 2 9 0 1 0 5a5a5a5a5a5a5a5a5a5a5a5a5a5a5a5a0000000000000000000d0100000000000100010000000000000000000000000008000000000000000000000000000000000000000000000000000000000000000000000000000000
info 2 9 0 2 0 5a5a5a5a5a5a5a5a5a5a5a5a5a5a5a5a0000000000000000000d0100000000000100010000000000000000000000000014000000000000000000000000000000000000000000000000000000000000000000000000000000
info 2 9 0 3 0 5a5a5a5a5a5a5a5a5a5a5a5a5a5a5a5a0000000000000000000d010000000000010001000000000000000000000000001c000000000000000000000000000000000000000000000000000000000000000000000000000000
info 2 9 1 0 0 5a5a5a5a5a5a5a5a5a5a5a5a5a5a5a5a0000000000000000000d0100000000000100010000000000000000000000000000000000000000000000000000000000000000000000000000000000000000000000000000000000
info 2 9 1 1 0 5a5a5a5a5a5a5a5a5a5a5a5a5a5a5a5a0000000000000000000d0100000000000100010000000000000000000000000008000000000000000000000000000000000000000000000000000000000000000000000000000000
info 2 9 1 2 0 5a5a5a5a5a5a5a5a5a5a5a5a5a5a5a5a0000000000000000000d0100000000000100010000000000000000000000000014000000000000000000000000000000000000000000000000000000000000000000000000000000
info 2 9 1 3 0 5a5a5a5a5a5a5a5a5a5a5a5a5a5a5a5a0000000000000000000d010000000000010001000000000000000000000000001c000000000000000000000000000000000000000000000000000000000000000000000000000000
info 2 10 0 0 0 a5a5a5a5a5a5a5a5a5a5a5a5a5a5a5a50000000000000000000d0100000000000100010000000000000000000000000000000000000000000000000000000000000000000000000000000000000000000000000000000000
info 2 10 0 1 0 a5a5a5a5a5a5a5a5a5a5a5a5a5a5a5a50000000000000000000d0100000000000100010000000000000000000000000008000000000000000000000000000000000000000000000000000000000000000000000000000000
info 2 10 0 2 0 a5a5a5a5a5a5a5a5a5a5a5a5a5a5a5a50000000000000000000d0100000000000100010000000000000000000000000000000000000000000000000000000000000000000000000000000000000000000000000000000000
info 2 10 0 3 0 a5a5a5a5a5a5a5a5a5a5a5a5a5a5a5a50000000000000000000d0100000000000100010000000000000000000000000008000000000000000000000000000000000000000000000000000000000000000000000000000000
info 2 10 1 0 0 a5a5a5a5a5a5a5a5a5a5a5a5a5a5a5a50000000000000000000d0100000000000100010000000000000000000000000000000000000000000000000000000000000000000000000000000000000000000000000000000000
info 2 10 1 1 0 a5a5a5a5a5a5a5a5a5a5a5a5a5a5a5a50000000000000000000d0100000000000100010000000000000000000000000008000000000000000000000000000000000000000000000000000000000000000000000000000000
info 2 10 1 2 0 a5a5a5a5a5a5a5a5a5a5a5a5a5a5a5a50000000000000000000d0100000000000100010000000000000000000000000000000000000000000000000000000000000000000000000000000000000000000000000000000000
info 2 10 1 3 0 a5a5a5a5a5a5a5a5a5a5a5a5a5a5a5a50000000000000000000d0100000000000100010000000000000000000000000008000000000000000000000000000000000000000000000000000000000000000000000000000000
info 2 11 0 0 0 a5a5a5a5a5a5a5a5a5a5a5a5a5a5a5a50000000000000000000d0100000000000100010000000000000000000000000000000000000000000000000000000000000000000000000000000000000000000000000000000000
info 2 11 0 1 0 a5a5a5a5a5a5a5a5a5a5a5a5a5a5a5a50000000000000000000d0100000000000100010000000000000000000000000008000000000000000000000000000000000000000000000000000000000000000000000000000000
info 2 11 0 2 0 a5a5a5a5a5a5a5a5a5a5a5a5a5a5a5a50000000000000000000d0100000000000100010000000000000000000000000014000000000000000000000000000000000000000000000000000000000000000000000000000000
info 2 11 0 3 0 a5a5a5a5a5a5a5a5a5a5a5a5a5a5a5a50000000000000000000d010000000000010001000000000000000000000000001c000000000000000000000000000000000000000000000000000000000000000000000000000000
info 2 11 1 0 0 a5a5a5a5a5a5a5a5a5a5a5a5a5a5a5a50000000000000000000d0100000000000100010000000000000000000000000000000000000000000000000000000000000000000000000000000000000000000000000000000000
info 2 11 1 1 0 a5a5a5a5a5a5a5a5a5a5a5a5a5a5a5a50000000000000000000d0100000000000100010000000000000000000000000008000000000000000000000000000000000000000000000000000000000000000000000000000000
info 2 11 1 2 0 a5a5a5a5a5a5a5a5a5a5a5a5a5a5a5a50000000000000000000d0100000000000100010000000000000000000000000014000000000000000000000000000000000000000000000000000000000000000000000000000000
info 2 11 1 3 0 a5a5a5a5a5a5a5a5a5a5a5a5a5a5a5a50000000000000000000d010000000000010001000000000000000000000000001c000000000000000000000000000000000000000000000000000000000000000000000000000000
info 2 12 0 0 0 5a5a5a5a5a5a5a5a5a5a5a5a5a5a5a5a0000000000000000000d0100000000000100010000000000000000000000000000000000000000000000000000000000000000000000000000000000000000000000000000000000
info 2 12 0 1 0 5a5a5a5a5a5a5a5a5a5a5a5a5a5a5a5a0000000000000000000d0100000000000100010000000000000000000000000008000000000000000000000000000000000000000000000000000000000000000000000000000000
info 2 12 0 2 0 5a5a5a5a5a5a5a5a5a5a5a5a5a5a5a5a0000000000000000000d0100000000000100010000000000000000000000000000000000000000000000000000000000000000000000000000000000000000000000000000000000
info 2 12 0 3 0 5a5a5a5a5a5a5a5a5a5a5a5a5a5a5a5a0000000000000000000d0100000000000100010000000000000000000000000008000000000000000000000000000000000000000000000000000000000000000000000000000000
info 2 12 1 0 18 5a5a5a5a5a5a5a5a5a5a5a5a5a5a5a5a0000000000000000000d0100000000000100010000000000000000000000000000000000000000000000000000000000000000000000000000000000000000000000000000000000
info 2 12 1 1 18 5a5a5a5a5a5a5a5a5a5a5a5a5a5a5a5a0000000000000000000d0100000000000100010000000000000000000000000000000000000000000000000000000000000000000000000000000000000000000000000000000000
info 2 12 1 2 18 5a5a5a5a5a5a5a5a5a5a5a5a5a5a5a5a0000000000000000000d0100000000000100010000000000000000000000000000000000000000000000000000000000000000000000000000000000000000000000000000000000
info 2 12 1 3 18 5a5a5a5a5a5a5a5a5a5a5a5a5a5a5a5a0000000000000000000d0100000000000100010000000000000000000000000000000000000000000000000000000000000000000000000000000000000000000000000000000000
info 2 13 0 0 0 5a5a5a5a5a5a5a5a5a5a5a5a5a5a5a5a0000000000000000000d0100000000000100010000000000000000000000000000000000000000000000000000000000000000000000000000000000000000000000000000000000
info 2 13 0 1 0 5a5a5a5a5a5a5a5a5a5a5a5a5a5a5a5a0000000000000000000d0100000000000100010000000000000000000000000008000000000000000000000000000000000000000000000000000000000000000000000000000000
info 2 13 0 2 0 5a5a5a5a5a5a5a5a5a5a5a5a5a5a5a5a0000000000000000000d0100000000000100010000000000000000000000000014000000000000000000000000000000000000000000000000000000000000000000000000000000
info 2 13 0 3 0 5a5a5a5a5a5a5a5a5a5a5a5a5a5a5a5a0000000000000000000d010000000000010001000000000000000000000000001c000000000000000000000000000000000000000000000000000000000000000000000000000000
info 2 13 1 0 18 5a5a5a5a5a5a5a5a5a5a5a5a5a5a5a5a0000000000000000000d0100000000000100010000000000000000000000000000000000000000000000000000000000000000000000000000000000000000000000000000000000
info 2 13 1 1 18 5a5a5a5a5a5a5a5a5a5a5a5a5a5a5a5a0000000000000000000d0100000000000100010000000000000000000000000000000000000000000000000000000000000000000000000000000000000000000000000000000000
info 2 13 1 2 18 5a5a5a5a5a5a5a5a5a5a5a5a5a5a5a5a0000000000000000000d0100000000000100010000000000000000000000000000000000000000000000000000000000000000000000000000000000000000000000000000000000
info 2 13 1 3 18 5a5a5a5a5a5a5a5a5a5a5a5a5a5a5a5a0000000000000000000d0100000000000100010000000000000000000000000000000000000000000000000000000000000000000000000000000000000000000000000000000000
info 2 14 0 0 0 a5a5a5a5a5a5a5a5a5a5a5a5a5a5a5a50000000000000000000d0100000000000100010000000000000000000000000000000000000000000000000000000000000000000000000000000000000000000000000000000000
info 2 14 0 1 0 a5a5a5a5a5a5a5a5a5a5a5a5a5a5a5a50000000000000000000d0100000000000100010000000000000000000000000008000000000000000000000000000000000000000000000000000000000000000000000000000000
info 2 14 0 2 0 a5a5a5a5a5a5a5a5a5a5a5a5a5a5a5a50000000000000000000d0100000000000100010000000000000000000000000000000000000000000000000000000000000000000000000000000000000000000000000000000000
info 2 14 0 3 0 a5a5a5a5a5a5a5a5a5a5a5a5a5a5a5a50000000000000000000d0100000000000100010000000000000000000000000008000000000000000000000000000000000000000000000000000000000000000000000000000000
info 2 14 1 0 18 5a5a5a5a5a5a5a5a5a5a5a5a5a5a5a5a0000000000000000000d0100000000000100010000000000000000000000000000000000000000000000000000000000000000000000000000000000000000000000000000000000
info 2 14 1 1 18 5a5a5a5a5a5a5a5a5a5a5a5a5a5a5a5a0000000000000000000d0100000000000100010000000000000000000000000000000000000000000000000000000000000000000000000000000000000000000000000000000000
info 2 14 1 2 18 5a5a5a5a5a5a5a5a5a5a5a5a5a5a5a5a0000000000000000000d0100000000000100010000000000000000000000000000000000000000000000000000000000000000000000000000000000000000000000000000000000
info 2 14 1 3 18 5a5a5a5a5a5a5a5a5a5a5a5a5a5a5a5a0000000000000000000d0100000000000100010000000000000000000000000000000000000000000000000000000000000000000000000000000000000000000000000000000000
info 2 15 0 0 0 a5a5a5a5a5a5a5a5a5a5a5a5a5a5a5a50000000000000000000d0100000000000100010000000000000000000000000000000000000000000000000000000000000000000000000000000000000000000000000000000000
info 2 15 0 1 0 a5a5a5a5a5a5a5a5a5a5a5a5a5a5a5a50000000000000000000d0100000000000100010000000000000000000000000008000000000000000000000000000000000000000000000000000000000000000000000000000000
info 2 15 0 2 0 a5a5a5a5a5a5a5a5a5a5a5a5a5a5a5a50000000000000000000d0100000000000100010000000000000000000000000014000000000000000000000000000000000000000000000000000000000000000000000000000000
info 2 15 0 3 0 a5a5a5a5a5a5a5a5a5a5a5a5a5a5a5a50000000000000000000d010000000000010001000000000000000000000000001c000000000000000000000000000000000000000000000000000000000000000000000000000000
info 2 15 1 0 18 5a5a5a5a5a5a5a5a5a5a5a5a5a5a5a5a0000000000000000000d0100000000000100010000000000000000000000000000000000000000000000000000000000000000000000000000000000000000000000000000000000
info 2 15 1 1 18 5a5a5a5a5a5a5a5a5a5a5a5a5a5a5a5a0000000000000000000d0100000000000100010000000000000000000000000000000000000000000000000000000000000000000000000000000000000000000000000000000000
info 2 15 1 2 18 5a5a5a5a5a5a5a5a5a5a5a5a5a5a5a5a0000000000000000000d0100000000000100010000000000000000000000000000000000000000000000000000000000000000000000000000000000000000000000000000000000
info 2 15 1 3 18 5a5a5a5a5a5a5a5a5a5a5a5a5a5a5a5a0000000000000000000d0100000000000100010000000000000000000000000000000000000000000000000000000000000000000000000000000000000000000000000000000000
info 2 16 0 0 24 5a5a5a5a5a5a5a5a5a5a5a5a5a5a5a5a0000000000000000000d0100000000000100010000000000000000000000000000000000000000000000000000000000000000000000000000000000000000000000000000000000
info 2 16 0 1 24 5a5a5a5a5a5a5a5a5a5a5a5a5a5a5a5a0000000000000000000d0100000000000100010000000000000000000000000000000000000000000000000000000000000000000000000000000000000000000000000000000000
info 2 16 0 2 24 5a5a5a5a5a5a5a5a5a5a5a5a5a5a5a5a0000000000000000000d0100000000000100010000000000000000000000000000000000000000000000000000000000000000000000000000000000000000000000000000000000
info 2 16 0 3 24 5a5a5a5a5a5a5a5a5a5a5a5a5a5a5a5a0000000000000000000d0100000000000100010000000000000000000000000000000000000000000000000000000000000000000000000000000000000000000000000000000000
info 2 16 1 0 24 5a5a5a5a5a5a5a5a5a5a5a5a5a5a5a5a0000000000000000000d0100000000000100010000000000000000000000000000000000000000000000000000000000000000000000000000000000000000000000000000000000
info 2 16 1 1 24 5a5a5a5a5a5a5a5a5a5a5a5a5a5a5a5a0000000000000000000d0100000000000100010000000000000000000000000000000000000000000000000000000000000000000000000000000000000000000000000000000000
info 2 16 1 2 24 5a5a5a5a5a5a5a5a5a5a5a5a5a5a5a5a0000000000000000000d0100000000000100010000000000000000000000000000000000000000000000000000000000000000000000000000000000000000000000000000000000
info 2 16 1 3 24 5a5a5a5a5a5a5a5a5a5a5a5a5a5a5a5a0000000000000000000d0100000000000100010000000000000000000000000000000000000000000000000000000000000000000000000000000000000000000000000000000000
info 2 17 0 0 24 5a5a5a5a5a5a5a5a5a5a5a5a5a5a5a5a0000000000000000000d0100000000000100010000000000000000000000000000000000000000000000000000000000000000000000000000000000000000000000000000000000
info 2 17 0 1 24 5a5a5a5a5a5a5a5a5a5a5a5a5a5a5a5a0000000000000000000d0100000000000100010000000000000000000000000000000000000000000000000000000000000000000000000000000000000000000000000000000000
info 2 17 0 2 24 5a5a5a5a5a5a5a5a5a5a5a5a5a5a5a5a0000000000000000000d0100000000000100010000000000000000000000000000000000000000000000000000000000000000000000000000000000000000000000000000000000
info 2 17 0 3 24 5a5a5a5a5a5a5a5a5a5a5a5a5a5a5a5a0000000000000000000d0100000000000100010000000000000000000000000000000000000000000000000000000000000000000000000000000000000000000000000000000000
info 2 17 1 0 24 5a5a5a5a5a5a5a5a5a5a5a5a5a5a5a5a0000000000000000000d0100000000000100010000000000000000000000000000000000000000000000000000000000000000000000000000000000000000000000000000000000
info 2 17 1 1 24 5a5a5a5a5a5a5a5a5a5a5a5a5a5a5a5a0000000000000000000d0100000000000100010000000000000000000000000000000000000000000000000000000000000000000000000000000000000000000000000000000000
info 2 17 1 2 24 5a5a5a5a5a5a5a5a5a5a5a5a5a5a5a5a0000000000000000000d0100000000000100010000000000000000000000000000000000000000000000000000000000000000000000000000000000000000000000000000000000
info 2 17 1 3 24 5a5a5a5a5a5a5a5a5a5a5a5a5a5a5a5a0000000000000000000d0100000000000100010000000000000000000000000000000000000000000000000000000000000000000000000000000000000000000000000000000000
info 3 -1 0 0 24 5a5a5a5a5a5a5a5a5a5a5a5a5a5a5a5a0000000000000000000d0100000000000100010000000000000000000000000000000000000000000000000000000000000000000000000000000000000000000000000000000000
info 3 -1 0 1 24 5a5a5a5a5a5a5a5a5a5a5a5a5a5a5a5a0000000000000000000d0100000000000100010000000000000000000000000000000000000000000000000000000000000000000000000000000000000000000000000000000000
info 3 -1 0 2 24 5a5a5a5a5a5a5a5a5a5a5a5a5a5a5a5a0000000000000000000d0100000000000100010000000000000000000000000000000000000000000000000000000000000000000000000000000000000000000000000000000000
info 3 -1 0 3 24 5a5a5a5a5a5a5a5a5a5a5a5a5a5a5a5a0000000000000000000d0100000000000100010000000000000000000000000000000000000000000000000000000000000000000000000000000000000000000000000000000000
info 3 -1 1 0 24 5a5a5a5a5a5a5a5a5a5a5a5a5a5a5a5a0000000000000000000d0100000000000100010000000000000000000000000000000000000000000000000000000000000000000000000000000000000000000000000000000000
info 3 -1 1 1 24 5a5a5a5a5a5a5a5a5a5a5a5a5a5a5a5a0000000000000000000d0100000000000100010000000000000000000000000000000000000000000000000000000000000000000000000000000000000000000000000000000000
info 3 -1 1 2 24 5a5a5a5a5a5a5a5a5a5a5a5a5a5a5a5a0000000000000000000d0100000000000100010000000000000000000000000000000000000000000000000000000000000000000000000000000000000000000000000000000000
info 3 -1 1 3 24 5a5a5a5a5a5a5a5a5a5a5a5a5a5a5a5a0000000000000000000d0100000000000100010000000000000000000000000000000000000000000000000000000000000000000000000000000000000000000000000000000000
info 3 0 0 0 0 5a5a5a5a5a5a5a5a5a5a5a5a5a5a5a5a0000000000000000000d0100000000000100010000000000000000000000000000000000000000000000000000000000000000000000000000000000000000000000000000000000
info 3 0 0 1 0 5a5a5a5a5a5a5a5a5a5a5a5a5a5a5a5a0000000000000000000d0100000000000100010000000000000000000000000000000000000000000000000000000000000000000000000000000000000000000000000000000000
info 3 0 0 2 0 5a5a5a5a5a5a5a5a5a5a5a5a5a5a5a5a0000000000000000000d0100000000000100010000000000000000000000000000000000000000000000000000000000000000000000000000000000000000000000000000000000
info 3 0 0 3 0 5a5a5a5a5a5a5a5a5a5a5a5a5a5a5a5a0000000000000000000d0100000000000100010000000000000000000000000000000000000000000000000000000000000000000000000000000000000000000000000000000000
info 3 0 1 0 0 5a5a5a5a5a5a5a5a5a5a5a5a5a5a5a5a0000000000000000000d0100000000000100010000000000000000000000000000000000000000000000000000000000000000000000000000000000000000000000000000000000
info 3 0 1 1 0 5a5a5a5a5a5a5a5a5a5a5a5a5a5a5a5a0000000000000000000d0100000000000100010000000000000000000000000000000000000000000000000000000000000000000000000000000000000000000000000000000000
info 3 0 1 2 0 5a5a5a5a5a5a5a5a5a5a5a5a5a5a5a5a0000000000000000000d0100000000000100010000000000000000000000000000000000000000000000000000000000000000000000000000000000000000000000000000000000
info 3 0 1 3 0 5a5a5a5a5a5a5a5a5a5a5a5a5a5a5a5a0000000000000000000d0100000000000100010000000000000000000000000000000000000000000000000000000000000000000000000000000000000000000000000000000000
info 3 1 0 0 0 5a5a5a5a5a5a5a5a5a5a5a5a5a5a5a5a0000000000000000000d0100000000000100010000000000000000000000000000000000000000000000000000000000000000000000000000000000000000000000000000000000
info 3 1 0 1 0 5a5a5a5a5a5a5a5a5a5a5a5a5a5a5a5a0000000000000000000d0100000000000100010000000000000000000000000000000000000000000000000000000000000000000000000000000000000000000000000000000000
info 3 1 0 2 0 5a5a5a5a5a5a5a5a5a5a5a5a5a5a5a5a0000000000000000000d0100000000000100010000000000000000000000000014000000000000000000000000000000000000000000000000000000000000000000000000000000
info 3 1 0 3 0 5a5a5a5a5a5a5a5a5a5a5a5a5a5a5a5a0000000000000000000d0100000000000100010000000000000000000000000014000000000000000000000000000000000000000000000000000000000000000000000000000000
info 3 1 1 0 0 5a5a5a5a5a5a5a5a5a5a5a5a5a5a5a5a0000000000000000000d0100000000000100010000000000000000000000000000000000000000000000000000000000000000000000000000000000000000000000000000000000
info 3 1 1 1 0 5a5a5a5a5a5a5a5a5a5a5a5a5a5a5a5a0000000000000000000d0100000000000100010000000000000000000000000000000000000000000000000000000000000000000000000000000000000000000000000000000000
info 3 1 1 2 0 5a5a5a5a5a5a5a5a5a5a5a5a5a5a5a5a0000000000000000000d0100000000000100010000000000000000000000000014000000000000000000000000000000000000000000000000000000000000000000000000000000
info 3 1 1 3 0 5a5a5a5a5a5a5a5a5a5a5a5a5a5a5a5a0000000000000000000d0100000000000100010000000000000000000000000014000000000000000000000000000000000000000000000000000000000000000000000000000000
info 3 2 0 0 0 a5a5a5a5a5a5a5a5a5a5a5a5a5a5a5a50000000000000000000d0100000000000100010000000000000000000000000000000000000000000000000000000000000000000000000000000000000000000000000000000000
info 3 2 0 1 0 a5a5a5a5a5a5a5a5a5a5a5a5a5a5a5a50000000000000000000d0100000000000100010000000000000000000000000000000000000000000000000000000000000000000000000000000000000000000000000000000000
info 3 2 0 2 0 a5a5a5a5a5a5a5a5a5a5a5a5a5a5a5a50000000000000000000d0100000000000100010000000000000000000000000000000000000000000000000000000000000000000000000000000000000000000000000000000000
info 3 2 0 3 0 a5a5a5a5a5a5a5a5a5a5a5a5a5a5a5a50000000000000000000d0100000000000100010000000000000000000000000000000000000000000000000000000000000000000000000000000000000000000000000000000000
info 3 2 1 0 0 a5a5a5a5a5a5a5a5a5a5a5a5a5a5a5a50000000000000000000d0100000000000100010000000000000000000000000000000000000000000000000000000000000000000000000000000000000000000000000000000000
info 3 2 1 1 0 a5a5a5a5a5a5a5a5a5a5a5a5a5a5a5a50000000000000000000d0100000000000100010000000000000000000000000000000000000000000000000000000000000000000000000000000000000000000000000000000000
info 3 2 1 2 0 a5a5a5a5a5a5a5a5a5a5a5a5a5a5a5a50000000000000000000d0100000000000100010000000000000000000000000000000000000000000000000000000000000000000000000000000000000000000000000000000000
info 3 2 1 3 0 a5a5a5a5a5a5a5a5a5a5a5a5a5a5a5a50000000000000000000d0100000000000100010000000000000000000000000000000000000000000000000000000000000000000000000000000000000000000000000000000000
info 3 3 0 0 0 a5a5a5a5a5a5a5a5a5a5a5a5a5a5a5a50000000000000000000d0100000000000100010000000000000000000000000000000000000000000000000000000000000000000000000000000000000000000000000000000000
info 3 3 0 1 0 a5a5a5a5a5a5a5a5a5a5a5a5a5a5a5a50000000000000000000d0100000000000100010000000000000000000000000000000000000000000000000000000000000000000000000000000000000000000000000000000000
info 3 3 0 2 0 a5a5a5a5a5a5a5a5a5a5a5a5a5a5a5a50000000000000000000d0100000000000100010000000000000000000000000014000000000000000000000000000000000000000000000000000000000000000000000000000000
info 3 3 0 3 0 a5a5a5a5a5a5a5a5a5a5a5a5a5a5a5a50000000000000000000d0100000000000100010000000000000000000000000014000000000000000000000000000000000000000000000000000000000000000000000000000000
info 3 3 1 0 0 a5a5a5a5a5a5a5a5a5a5a5a5a5a5a5a50000000000000000000d0100000000000100010000000000000000000000000000000000000000000000000000000000000000000000000000000000000000000000000000000000
info 3 3 1 1 0 a5a5a5a5a5a5a5a5a5a5a5a5a5a5a5a50000000000000000000d0100000000000100010000000000000000000000000000000000000000000000000000000000000000000000000000000000000000000000000000000000
info 3 3 1 2 0 a5a5a5a5a5a5a5a5a5a5a5a5a5a5a5a50000000000000000000d0100000000000100010000000000000000000000000014000000000000000000000000000000000000000000000000000000000000000000000000000000
info 3 3 1 3 0 a5a5a5a5a5a5a5a5a5a5a5a5a5a5a5a50000000000000000000d0100000000000100010000000000000000000000000014000000000000000000000000000000000000000000000000000000000000000000000000000000
info 3 4 0 0 0 5a5a5a5a5a5a5a5a5a5a5a5a5a5a5a5a0000000000000000000d0100000000000100010000000000000000000000000000000000000000000000000000000000000000000000000000000000000000000000000000000000
info 3 4 0 1 0 5a5a5a5a5a5a5a5a5a5a5a5a5a5a5a5a0000000000000000000d0100000000000100010000000000000000000000000000000000000000000000000000000000000000000000000000000000000000000000000000000000
info 3 4 0 2 0 5a5a5a5a5a5a5a5a5a5a5a5a5a5a5a5a0000000000000000000d0100000000000100010000000000000000000000000000000000000000000000000000000000000000000000000000000000000000000000000000000000
info 3 4 0 3 0 5a5a5a5a5a5a5a5a5a5a5a5a5a5a5a5a0000000000000000000d0100000000000100010000000000000000000000000000000000000000000000000000000000000000000000000000000000000000000000000000000000
info 3 4 1 0 18 5a5a5a5a5a5a5a5a5a5a5a5a5a5a5a5a0000000000000000000d0100000000000100010000000000000000000000000000000000000000000000000000000000000000000000000000000000000000000000000000000000
info 3 4 1 1 18 5a5a5a5a5a5a5a5a5a5a5a5a5a5a5a5a0000000000000000000d0100000000000100010000000000000000000000000000000000000000000000000000000000000000000000000000000000000000000000000000000000
info 3 4 1 2 18 5a5a5a5a5a5a5a5a5a5a5a5a5a5a5a5a0000000000000000000d0100000000000100010000000000000000000000000000000000000000000000000000000000000000000000000000000000000000000000000000000000
info 3 4 1 3 18 5a5a5a5a5a5a5a5a5a5a5a5a5a5a5a5a0000000000000000000d0100000000000100010000000000000000000000000000000000000000000000000000000000000000000000000000000000000000000000000000000000
info 3 5 0 0 0 5a5a5a5a5a5a5a5a5a5a5a5a5a5a5a5a0000000000000000000d0100000000000100010000000000000000000000000000000000000000000000000000000000000000000000000000000000000000000000000000000000
info 3 5 0 1 0 5a5a5a5a5a5a5a5a5a5a5a5a5a5a5a5a0000000000000000000d0100000000000100010000000000000000000000000000000000000000000000000000000000000000000000000000000000000000000000000000000000
info 3 5 0 2 0 5a5a5a5a5a5a5a5a5a5a5a5a5a5a5a5a0000000000000000000d0100000000000100010000000000000000000000000014000000000000000000000000000000000000000000000000000000000000000000000000000000
info 3 5 0 3 0 5a5a5a5a5a5a5a5a5a5a5a5a5a5a5a5a0000000000000000000d0100000000000100010000000000000000000000000014000000000000000000000000000000000000000000000000000000000000000000000000000000
info 3 5 1 0 18 5a5a5a5a5a5a5a5a5a5a5a5a5a5a5a5a0000000000000000000d0100000000000100010000000000000000000000000000000000000000000000000000000000000000000000000000000000000000000000000000000000
info 3 5 1 1 18 5a5a5a5a5a5a5a5a5a5a5a5a5a5a5a5a0000000000000000000d0100000000000100010000000000000000000000000000000000000000000000000000000000000000000000000000000000000000000000000000000000
info 3 5 1 2 18 5a5a5a5a5a5a5a5a5a5a5a5a5a5a5a5a0000000000000000000d0100000000000100010000000000000000000000000000000000000000000000000000000000000000000000000000000000000000000000000000000000
info 3 5 1 3 18 5a5a5a5a5a5a5a5a5a5a5a5a5a5a5a5a0000000000000000000d0100000000000100010000000000000000000000000000000000000000000000000000000000000000000000000000000000000000000000000000000000
info 3 6 0 0 0 a5a5a5a5a5a5a5a5a5a5a5a5a5a5a5a50000000000000000000d0100000000000100010000000000000000000000000000000000000000000000000000000000000000000000000000000000000000000000000000000000
info 3 6 0 1 0 a5a5a5a5a5a5a5a5a5a5a5a5a5a5a5a50000000000000000000d0100000000000100010000000000000000000000000000000000000000000000000000000000000000000000000000000000000000000000000000000000
info 3 6 0 2 0 a5a5a5a5a5a5a5a5a5a5a5a5a5a5a5a50000000000000000000d0100000000000100010000000000000000000000000000000000000000000000000000000000000000000000000000000000000000000000000000000000
info 3 6 0 3 0 a5a5a5a5a5a5a5a5a5a5a5a5a5a5a5a50000000000000000000d0100000000000100010000000000000000000000000000000000000000000000000000000000000000000000000000000000000000000000000000000000
info 3 6 1 0 18 5a5a5a5a5a5a5a5a5a5a5a5a5a5a5a5a0000000000000000000d0100000000000100010000000000000000000000000000000000000000000000000000000000000000000000000000000000000000000000000000000000
info 3 6 1 1 18 5a5a5a5a5a5a5a5a5a5a5a5a5a5a5a5a0000000000000000000d0100000000000100010000000000000000000000000000000000000000000000000000000000000000000000000000000000000000000000000000000000
info 3 6 1 2 18 5a5a5a5a5a5a5a5a5a5a5a5a5a5a5a5a0000000000000000000d0100000000000100010000000000000000000000000000000000000000000000000000000000000000000000000000000000000000000000000000000000
info 3 6 1 3 18 5a5a5a5a5a5a5a5a5a5a5a5a5a5a5a5a0000000000000000000d0100000000000100010000000000000000000000000000000000000000000000000000000000000000000000000000000000000000000000000000000000
info 3 7 0 0 0 a5a5a5a5a5a5a5a5a5a5a5a5a5a5a5a50000000000000000000d0100000000000100010000000000000000000000000000000000000000000000000000000000000000000000000000000000000000000000000000000000
info 3 7 0 1 0 a5a5a5a5a5a5a5a5a5a5a5a5a5a5a5a50000000000000000000d0100000000000100010000000000000000000000000000000000000000000000000000000000000000000000000000000000000000000000000000000000
info 3 7 0 2 0 a5a5a5a5a5a5a5a5a5a5a5a5a5a5a5a50000000000000000000d0100000000000100010000000000000000000000000014000000000000000000000000000000000000000000000000000000000000000000000000000000
info 3 7 0 3 0 a5a5a5a5a5a5a5a5a5a5a5a5a5a5a5a50000000000000000000d0100000000000100010000000000000000000000000014000000000000000000000000000000000000000000000000000000000000000000000000000000
info 3 7 1 0 18 5a5a5a5a5a5a5a5a5a5a5a5a5a5a5a5a0000000000000000000d0100000000000100010000000000000000000000000000000000000000000000000000000000000000000000000000000000000000000000000000000000
info 3 7 1 1 18 5a5a5a5a5a5a5a5a5a5a5a5a5a5a5a5a0000000000000000000d0100000000000100010000000000000000000000000000000000000000000000000000000000000000000000000000000000000000000000000000000000
info 3 7 1 2 18 5a5a5a5a5a5a5a5a5a5a5a5a5a5a5a5a0000000000000000000d0100000000000100010000000000000000000000000000000000000000000000000000000000000000000000000000000000000000000000000000000000
info 3 7 1 3 18 5a5a5a5a5a5a5a5a5a5a5a5a5a5a5a5a0000000000000000000d0100000000000100010000000000000000000000000000000000000000000000000000000000000000000000000000000000000000000000000000000000
info 3 8 0 0 0 5a5a5a5a5a5a5a5a5a5a5a5a5a5a5a5a0000000000000000000d0100000000000100010000000000000000000000000000000000000000000000000000000000000000000000000000000000000000000000000000000000
info 3 8 0 1 0 5a5a5a5a5a5a5a5a5a5a5a5a5a5a5a5a0000000000000000000d0100000000000100010000000000000000000000000008000000000000000000000000000000000000000000000000000000000000000000000000000000
info 3 8 0 2 0 5a5a5a5a5a5a5a5a5a5a5a5a5a5a5a5a0000000000000000000d0100000000000100010000000000000000000000000000000000000000000000000000000000000000000000000000000000000000000000000000000000
info 3 8 0 3 0 5a5a5a5a5a5a5a5a5a5a5a5a5a5a5a5a0000000000000000000d0100000000000100010000000000000000000000000008000000000000000000000000000000000000000000000000000000000000000000000000000000
info 3 8 1 0 0 5a5a5a5a5a5a5a5a5a5a5a5a5a5a5a5a0000000000000000000d0100000000000100010000000000000000000000000000000000000000000000000000000000000000000000000000000000000000000000000000000000
info 3 8 1 1 0 5a5a5a5a5a5a5a5a5a5a5a5a5a5a5a5a0000000000000000000d0100000000000100010000000000000000000000000008000000000000000000000000000000000000000000000000000000000000000000000000000000
info 3 8 1 2 0 5a5a5a5a5a5a5a5a5a5a5a5a5a5a5a5a0000000000000000000d0100000000000100010000000000000000000000000000000000000000000000000000000000000000000000000000000000000000000000000000000000
info 3 8 1 3 0 5a5a5a5a5a5a5a5a5a5a5a5a5a5a5a5a0000000000000000000d0100000000000100010000000000000000000000000008000000000000000000000000000000000000000000000000000000000000000000000000000000
info 3 9 0 0 0 5a5a5a5a5a5a5a5a5a5a5a5a5a5a5a5a0000000000000000000d0100000000000100010000000000000000000000000000000000000000000000000000000000000000000000000000000000000000000000000000000000
info 3 9 0 1 0 5a5a5a5a5a5a5a5a5a5a5a5a5a5a5a5a0000000000000000000d0100000000000100010000000000000000000000000008000000000000000000000000000000000000000000000000000000000000000000000000000000
info 3 9 0 2 0 5a5a5a5a5a5a5a5a5a5a5a5a5a5a5a5a0000000000000000000d0100000000000100010000000000000000000000000014000000000000000000000000000000000000000000000000000000000000000000000000000000
info 3 9 0 3 0 5a5a5a5a5a5a5a5a5a5a5a5a5a5a5a5a0000000000000000000d010000000000010001000000000000000000000000001c000000000000000000000000000000000000000000000000000000000000000000000000000000
info 3 9 1 0 0 5a5a5a5a5a5a5a5a5a5a5a5a5a5a5a5a0000000000000000000d0100000000000100010000000000000000000000000000000000000000000000000000000000000000000000000000000000000000000000000000000000
info 3 9 1 1 0 5a5a5a5a5a5a5a5a5a5a5a5a5a5a5a5a0000000000000000000d0100000000000100010000000000000000000000000008000000000000000000000000000000000000000000000000000000000000000000000000000000
info 3 9 1 2 0 5a5a5a5a5a5a5a5a5a5a5a5a5a5a5a5a0000000000000000000d0100000000000100010000000000000000000000000014000000000000000000000000000000000000000000000000000000000000000000000000000000
info 3 9 1 3 0 5a5a5a5a5a5a5a5a5a5a5a5a5a5a5a5a0000000000000000000d010000000000010001000000000000000000000000001c000000000000000000000000000000000000000000000000000000000000000000000000000000
info 3 10 0 0 0 a5a5a5a5a5a5a5a5a5a5a5a5a5a5a5a50000000000000000000d0100000000000100010000000000000000000000000000000000000000000000000000000000000000000000000000000000000000000000000000000000
info 3 10 0 1 0 a5a5a5a5a5a5a5a5a5a5a5a5a5a5a5a50000000000000000000d0100000000000100010000000000000000000000000008000000000000000000000000000000000000000000000000000000000000000000000000000000
info 3 10 0 2 0 a5a5a5a5a5a5a5a5a5a5a5a5a5a5a5a50000000000000000000d0100000000000100010000000000000000000000000000000000000000000000000000000000000000000000000000000000000000000000000000000000
info 3 10 0 3 0 a5a5a5a5a5a5a5a5a5a5a5a5a5a5a5a50000000000000000000d0100000000000100010000000000000000000000000008000000000000000000000000000000000000000000000000000000000000000000000000000000
info 3 10 1 0 0 a5a5a5a5a5a5a5a5a5a5a5a5a5a5a5a50000000000000000000d0100000000000100010000000000000000000000000000000000000000000000000000000000000000000000000000000000000000000000000000000000
info 3 10 1 1 0 a5a5a5a5a5a5a5a5a5a5a5a5a5a5a5a50000000000000000000d0100000000000100010000000000000000000000000008000000000000000000000000000000000000000000000000000000000000000000000000000000
info 3 10 1 2 0 a5a5a5a5a5a5a5a5a5a5a5a5a5a5a5a50000000000000000000d0100000000000100010000000000000000000000000000000000000000000000000000000000000000000000000000000000000000000000000000000000
info 3 10 1 3 0 a5a5a5a5a5a5a5a5a5a5a5a5a5a5a5a50000000000000000000d0100000000000100010000000000000000000000000008000000000000000000000000000000000000000000000000000000000000000000000000000000
info 3 11 0 0 0 a5a5a5a5a5a5a5a5a5a5a5a5a5a5a5a50000000000000000000d0100000000000100010000000000000000000000000000000000000000000000000000000000000000000000000000000000000000000000000000000000
info 3 11 0 1 0 a5a5a5a5a5a5a5a5a5a5a5a5a5a5a5a50000000000000000000d0100000000000100010000000000000000000000000008000000000000000000000000000000000000000000000000000000000000000000000000000000
info 3 11 0 2 0 a5a5a5a5a5a5a5a5a5a5a5a5a5a5a5a50000000000000000000d0100000000000100010000000000000000000000000014000000000000000000000000000000000000000000000000000000000000000000000000000000
info 3 11 0 3 0 a5a5a5a5a5a5a5a5a5a5a5a5a5a5a5a50000000000000000000d010000000000010001000000000000000000000000001c000000000000000000000000000000000000000000000000000000000000000000000000000000
info 3 11 1 0 0 a5a5a5a5a5a5a5a5a5a5a5a5a5a5a5a50000000000000000000d0100000000000100010000000000000000000000000000000000000000000000000000000000000000000000000000000000000000000000000000000000
info 3 11 1 1 0 a5a5a5a5a5a5a5a5a5a5a5a5a5a5a5a50000000000000000000d0100000000000100010000000000000000000000000008000000000000000000000000000000000000000000000000000000000000000000000000000000
info 3 11 1 2 0 a5a5a5a5a5a5a5a5a5a5a5a5a5a5a5a50000000000000000000d0100000000000100010000000000000000000000000014000000000000000000000000000000000000000000000000000000000000000000000000000000
info 3 11 1 3 0 a5a5a5a5a5a5a5a5a5a5a5a5a5a5a5a50000000000000000000d010000000000010001000000000000000000000000001c000000000000000000000000000000000000000000000000000000000000000000000000000000
info 3 12 0 0 0 5a5a5a5a5a5a5a5a5a5a5a5a5a5a5a5a0000000000000000000d0100000000000100010000000000000000000000000000000000000000000000000000000000000000000000000000000000000000000000000000000000
info 3 12 0 1 0 5a5a5a5a5a5a5a5a5a5a5a5a5a5a5a5a0000000000000000000d0100000000000100010000000000000000000000000008000000000000000000000000000000000000000000000000000000000000000000000000000000
info 3 12 0 2 0 5a5a5a5a5a5a5a5a5a5a5a5a5a5a5a5a0000000000000000000d0100000000000100010000000000000000000000000000000000000000000000000000000000000000000000000000000000000000000000000000000000
info 3 12 0 3 0 5a5a5a5a5a5a5a5a5a5a5a5a5a5a5a5a0000000000000000000d0100000000000100010000000000000000000000000008000000000000000000000000000000000000000000000000000000000000000000000000000000
info 3 12 1 0 18 5a5a5a5a5a5a5a5a5a5a5a5a5a5a5a5a0000000000000000000d0100000000000100010000000000000000000000000000000000000000000000000000000000000000000000000000000000000000000000000000000000
info 3 12 1 1 18 5a5a5a5a5a5a5a5a5a5a5a5a5a5a5a5a0000000000000000000d0100000000000100010000000000000000000000000000000000000000000000000000000000000000000000000000000000000000000000000000000000
info 3 12 1 2 18 5a5a5a5a5a5a5a5a5a5a5a5a5a5a5a5a0000000000000000000d0100000000000100010000000000000000000000000000000000000000000000000000000000000000000000000000000000000000000000000000000000
info 3 12 1 3 18 5a5a5a5a5a5a5a5a5a5a5a5a5a5a5a5a0000000000000000000d0100000000000100010000000000000000000000000000000000000000000000000000000000000000000000000000000000000000000000000000000000
info 3 13 0 0 0 5a5a5a5a5a5a5a5a5a5a5a5a5a5a5a5a0000000000000000000d0100000000000100010000000000000000000000000000000000000000000000000000000000000000000000000000000000000000000000000000000000
info 3 13 0 1 0 5a5a5a5a5a5a5a5a5a5a5a5a5a5a5a5a0000000000000000000d0100000000000100010000000000000000000000000008000000000000000000000000000000000000000000000000000000000000000000000000000000
info 3 13 0 2 0 5a5a5a5a5a5a5a5a5a5a5a5a5a5a5a5a0000000000000000000d0100000000000100010000000000000000000000000014000000000000000000000000000000000000000000000000000000000000000000000000000000
info 3 13 0 3 0 5a5a5a5a5a5a5a5a5a5a5a5a5a5a5a5a0000000000000000000d010000000000010001000000000000000000000000001c000000000000000000000000000000000000000000000000000000000000000000000000000000
info 3 13 1 0 18 5a5a5a5a5a5a5a5a5a5a5a5a5a5a5a5a0000000000000000000d0100000000000100010000000000000000000000000000000000000000000000000000000000000000000000000000000000000000000000000000000000
info 3 13 1 1 18 5a5a5a5a5a5a5a5a5a5a5a5a5a5a5a5a0000000000000000000d0100000000000100010000000000000000000000000000000000000000000000000000000000000000000000000000000000000000000000000000000000
info 3 13 1 2 18 5a5a5a5a5a5a5a5a5a5a5a5a5a5a5a5a0000000000000000000d0100000000000100010000000000000000000000000000000000000000000000000000000000000000000000000000000000000000000000000000000000
info 3 13 1 3 18 5a5a5a5a5a5a5a5a5a5a5a5a5a5a5a5a0000000000000000000d0100000000000100010000000000000000000000000000000000000000000000000000000000000000000000000000000000000000000000000000000000
info 3 14 0 0 0 a5a5a5a5a5a5a5a5a5a5a5a5a5a5a5a50000000000000000000d0100000000000100010000000000000000000000000000000000000000000000000000000000000000000000000000000000000000000000000000000000
info 3 14 0 1 0 a5a5a5a5a5a5a5a5a5a5a5a5a5a5a5a50000000000000000000d0100000000000100010000000000000000000000000008000000000000000000000000000000000000000000000000000000000000000000000000000000
info 3 14 0 2 0 a5a5a5a5a5a5a5a5a5a5a5a5a5a5a5a50000000000000000000d0100000000000100010000000000000000000000000000000000000000000000000000000000000000000000000000000000000000000000000000000000
info 3 14 0 3 0 a5a5a5a5a5a5a5a5a5a5a5a5a5a5a5a50000000000000000000d0100000000000100010000000000000000000000000008000000000000000000000000000000000000000000000000000000000000000000000000000000
info 3 14 1 0 18 5a5a5a5a5a5a5a5a5a5a5a5a5a5a5a5a0000000000000000000d0100000000000100010000000000000000000000000000000000000000000000000000000000000000000000000000000000000000000000000000000000
info 3 14 1 1 18 5a5a5a5a5a5a5a5a5a5a5a5a5a5a5a5a0000000000000000000d0100000000000100010000000000000000000000000000000000000000000000000000000000000000000000000000000000000000000000000000000000
info 3 14 1 2 18 5a5a5a5a5a5a5a5a5a5a5a5a5a5a5a5a0000000000000000000d0100000000000100010000000000000000000000000000000000000000000000000000000000000000000000000000000000000000000000000000000000
info 3 14 1 3 18 5a5a5a5a5a5a5a5a5a5a5a5a5a5a5a5a0000000000000000000d0100000000000100010000000000000000000000000000000000000000000000000000000000000000000000000000000000000000000000000000000000
info 3 15 0 0 0 a5a5a5a5a5a5a5a5a5a5a5a5a5a5a5a50000000000000000000d0100000000000100010000000000000000000000000000000000000000000000000000000000000000000000000000000000000000000000000000000000
info 3 15 0 1 0 a5a5a5a5a5a5a5a5a5a5a5a5a5a5a5a50000000000000000000d0100000000000100010000000000000000000000000008000000000000000000000000000000000000000000000000000000000000000000000000000000
info 3 15 0 2 0 a5a5a5a5a5a5a5a5a5a5a5a5a5a5a5a50000000000000000000d0100000000000100010000000000000000000000000014000000000000000000000000000000000000000000000000000000000000000000000000000000
info 3 15 0 3 0 a5a5a5a5a5a5a5a5a5a5a5a5a5a5a5a50000000000000000000d010000000000010001000000000000000000000000001c000000000000000000000000000000000000000000000000000000000000000000000000000000
info 3 15 1 0 18 5a5a5a5a5a5a5a5a5a5a5a5a5a5a5a5a0000000000000000000d0100000000000100010000000000000000000000000000000000000000000000000000000000000000000000000000000000000000000000000000000000
info 3 15 1 1 18 5a5a5a5a5a5a5a5a5a5a5a5a5a5a5a5a0000000000000000000d0100000000000100010000000000000000000000000000000000000000000000000000000000000000000000000000000000000000000000000000000000
info 3 15 1 2 18 5a5a5a5a5a5a5a5a5a5a5a5a5a5a5a5a0000000000000000000d0100000000000100010000000000000000000000000000000000000000000000000000000000000000000000000000000000000000000000000000000000
info 3 15 1 3 18 5a5a5a5a5a5a5a5a5a5a5a5a5a5a5a5a0000000000000000000d0100000000000100010000000000000000000000000000000000000000000000000000000000000000000000000000000000000000000000000000000000
info 3 16 0 0 24 5a5a5a5a5a5a5a5a5a5a5a5a5a5a5a5a0000000000000000000d0100000000000100010000000000000000000000000000000000000000000000000000000000000000000000000000000000000000000000000000000000
info 3 16 0 1 24 5a5a5a5a5a5a5a5a5a5a5a5a5a5a5a5a0000000000000000000d0100000000000100010000000000000000000000000000000000000000000000000000000000000000000000000000000000000000000000000000000000
info 3 16 0 2 24 5a5a5a5a5a5a5a5a5a5a5a5a5a5a5a5a0000000000000000000d0100000000000100010000000000000000000000000000000000000000000000000000000000000000000000000000000000000000000000000000000000
info 3 16 0 3 24 5a5a5a5a5a5a5a5a5a5a5a5a5a5a5a5a0000000000000000000d0100000000000100010000000000000000000000000000000000000000000000000000000000000000000000000000000000000000000000000000000000
info 3 16 1 0 24 5a5a5a5a5a5a5a5a5a5a5a5a5a5a5a5a0000000000000000000d0100000000000100010000000000000000000000000000000000000000000000000000000000000000000000000000000000000000000000000000000000
info 3 16 1 1 24 5a5a5a5a5a5a5a5a5a5a5a5a5a5a5a5a0000000000000000000d0100000000000100010000000000000000000000000000000000000000000000000000000000000000000000000000000000000000000000000000000000
info 3 16 1 2 24 5a5a5a5a5a5a5a5a5a5a5a5a5a5a5a5a0000000000000000000d0100000000000100010000000000000000000000000000000000000000000000000000000000000000000000000000000000000000000000000000000000
info 3 16 1 3 24 5a5a5a5a5a5a5a5a5a5a5a5a5a5a5a5a0000000000000000000d0100000000000100010000000000000000000000000000000000000000000000000000000000000000000000000000000000000000000000000000000000
info 3 17 0 0 24 5a5a5a5a5a5a5a5a5a5a5a5a5a5a5a5a0000000000000000000d0100000000000100010000000000000000000000000000000000000000000000000000000000000000000000000000000000000000000000000000000000
info 3 17 0 1 24 5a5a5a5a5a5a5a5a5a5a5a5a5a5a5a5a0000000000000000000d0100000000000100010000000000000000000000000000000000000000000000000000000000000000000000000000000000000000000000000000000000
info 3 17 0 2 24 5a5a5a5a5a5a5a5a5a5a5a5a5a5a5a5a0000000000000000000d0100000000000100010000000000000000000000000000000000000000000000000000000000000000000000000000000000000000000000000000000000
info 3 17 0 3 24 5a5a5a5a5a5a5a5a5a5a5a5a5a5a5a5a0000000000000000000d0100000000000100010000000000000000000000000000000000000000000000000000000000000000000000000000000000000000000000000000000000
info 3 17 1 0 24 5a5a5a5a5a5a5a5a5a5a5a5a5a5a5a5a0000000000000000000d0100000000000100010000000000000000000000000000000000000000000000000000000000000000000000000000000000000000000000000000000000
info 3 17 1 1 24 5a5a5a5a5a5a5a5a5a5a5a5a5a5a5a5a0000000000000000000d0100000000000100010000000000000000000000000000000000000000000000000000000000000000000000000000000000000000000000000000000000
info 3 17 1 2 24 5a5a5a5a5a5a5a5a5a5a5a5a5a5a5a5a0000000000000000000d0100000000000100010000000000000000000000000000000000000000000000000000000000000000000000000000000000000000000000000000000000
info 3 17 1 3 24 5a5a5a5a5a5a5a5a5a5a5a5a5a5a5a5a0000000000000000000d0100000000000100010000000000000000000000000000000000000000000000000000000000000000000000000000000000000000000000000000000000
type 0 -1 16 16
chunk 0 -1 0 0 0
chunk 0 -1 1 15 15
chunk 0 -1 4096 15 15
chunk 0 -1 8192 15 15
chunk 0 -1 32768 15 0
chunk 0 -1 65536 15 0
chunk 0 -1 131072 15 0
chunk 0 -1 2097152 15 0
chunk 0 -1 4194304 15 0
chunk 0 -1 67108864 15 0
chunk 0 -1 1073741824 15 0
chunk 0 -1 2147483648 15 15
chunk 0 -1 4294967295 15 15
type 0 0 0 16
chunk 0 0 0 0 0
chunk 0 0 1 15 15
chunk 0 0 4096 15 15
chunk 0 0 8192 15 15
chunk 0 0 32768 15 0
chunk 0 0 65536 15 0
chunk 0 0 131072 15 0
chunk 0 0 2097152 15 0
chunk 0 0 4194304 15 0
chunk 0 0 67108864 15 0
chunk 0 0 1073741824 15 0
chunk 0 0 2147483648 15 15
chunk 0 0 4294967295 15 15
type 0 1 0 0
chunk 0 1 0 0 0
chunk 0 1 1 15 15
chunk 0 1 4096 0 0
chunk 0 1 8192 0 0
chunk 0 1 32768 0 0
chunk 0 1 65536 0 0
chunk 0 1 131072 15 15
chunk 0 1 2097152 15 15
chunk 0 1 4194304 15 15
chunk 0 1 67108864 15 15
chunk 0 1 1073741824 15 15
chunk 0 1 2147483648 15 15
chunk 0 1 4294967295 15 15
type 0 2 0 0
chunk 0 2 0 0 0
chunk 0 2 1 15 15
chunk 0 2 4096 15 15
chunk 0 2 8192 15 15
chunk 0 2 32768 0 0
chunk 0 2 65536 0 0
chunk 0 2 131072 0 0
chunk 0 2 2097152 0 0
chunk 0 2 4194304 15 15
chunk 0 2 67108864 15 15
chunk 0 2 1073741824 15 15
chunk 0 2 2147483648 15 15
chunk 0 2 4294967295 15 15
type 0 3 0 0
chunk 0 3 0 0 0
chunk 0 3 1 15 15
chunk 0 3 4096 15 15
chunk 0 3 8192 15 15
chunk 0 3 32768 0 0
chunk 0 3 65536 0 0
chunk 0 3 131072 0 0
chunk 0 3 2097152 0 0
chunk 0 3 4194304 0 0
chunk 0 3 67108864 0 0
chunk 0 3 1073741824 0 0
chunk 0 3 2147483648 15 15
chunk 0 3 4294967295 15 15
type 0 4 16 16
chunk 0 4 0 0 0
chunk 0 4 1 15 15
chunk 0 4 4096 15 15
chunk 0 4 8192 15 15
chunk 0 4 32768 0 0
chunk 0 4 65536 0 0
chunk 0 4 131072 0 0
chunk 0 4 2097152 0 0
chunk 0 4 4194304 0 0
chunk 0 4 67108864 0 0
chunk 0 4 1073741824 0 0
chunk 0 4 2147483648 15 15
chunk 0 4 4294967295 15 15
type 1 -1 16 16
chunk 1 -1 0 0 0
chunk 1 -1 1 15 15
chunk 1 -1 4096 0 15
chunk 1 -1 8192 0 15
chunk 1 -1 32768 0 0
chunk 1 -1 65536 0 0
chunk 1 -1 131072 15 0
chunk 1 -1 2097152 15 0
chunk 1 -1 4194304 15 0
chunk 1 -1 67108864 15 0
chunk 1 -1 1073741824 15 0
chunk 1 -1 2147483648 15 15
chunk 1 -1 4294967295 15 15
type 1 0 0 16
chunk 1 0 0 0 0
chunk 1 0 1 15 15
chunk 1 0 4096 15 15
chunk 1 0 8192 15 15
chunk 1 0 32768 15 0
chunk 1 0 65536 15 0
chunk 1 0 131072 15 0
chunk 1 0 2097152 15 0
chunk 1 0 4194304 15 0
chunk 1 0 67108864 15 0
chunk 1 0 1073741824 15 0
chunk 1 0 2147483648 15 15
chunk 1 0 4294967295 15 15
type 1 1 0 0
chunk 1 1 0 0 0
chunk 1 1 1 15 15
chunk 1 1 4096 0 0
chunk 1 1 8192 0 0
chunk 1 1 32768 0 0
chunk 1 1 65536 0 0
chunk 1 1 131072 15 15
chunk 1 1 2097152 15 15
chunk 1 1 4194304 15 15
chunk 1 1 67108864 15 15
chunk 1 1 1073741824 15 15
chunk 1 1 2147483648 15 15
chunk 1 1 4294967295 15 15
type 1 2 0 0
chunk 1 2 0 0 0
chunk 1 2 1 15 15
chunk 1 2 4096 15 15
chunk 1 2 8192 15 15
chunk 1 2 32768 0 0
chunk 1 2 65536 0 0
chunk 1 2 131072 0 0
chunk 1 2 2097152 0 0
chunk 1 2 4194304 15 15
chunk 1 2 67108864 15 15
chunk 1 2 1073741824 15 15
chunk 1 2 2147483648 15 15
chunk 1 2 4294967295 15 15
type 1 3 0 0
chunk 1 3 0 0 0
chunk 1 3 1 15 15
chunk 1 3 4096 15 15
chunk 1 3 8192 15 15
chunk 1 3 32768 0 0
chunk 1 3 65536 0 0
chunk 1 3 131072 0 0
chunk 1 3 2097152 0 0
chunk 1 3 4194304 0 0
chunk 1 3 67108864 0 0
chunk 1 3 1073741824 0 0
chunk 1 3 2147483648 15 15
chunk 1 3 4294967295 15 15
type 1 4 16 16
chunk 1 4 0 0 0
chunk 1 4 1 15 15
chunk 1 4 4096 15 15
chunk 1 4 8192 15 15
chunk 1 4 32768 0 0
chunk 1 4 65536 0 0
chunk 1 4 131072 0 0
chunk 1 4 2097152 0 0
chunk 1 4 4194304 0 0
chunk 1 4 67108864 0 0
chunk 1 4 1073741824 0 0
chunk 1 4 2147483648 15 15
chunk 1 4 4294967295 15 15
type 2 -1 16 16
chunk 2 -1 0 0 0
chunk 2 -1 1 15 15
chunk 2 -1 4096 15 15
chunk 2 -1 8192 15 15
chunk 2 -1 32768 0 0
chunk 2 -1 65536 0 0
chunk 2 -1 131072 0 0
chunk 2 -1 2097152 0 0
chunk 2 -1 4194304 15 0
chunk 2 -1 67108864 15 0
chunk 2 -1 1073741824 15 0
chunk 2 -1 2147483648 15 15
chunk 2 -1 4294967295 15 15
type 2 0 0 16
chunk 2 0 0 0 0
chunk 2 0 1 15 15
chunk 2 0 4096 15 15
chunk 2 0 8192 15 15
chunk 2 0 32768 15 0
chunk 2 0 65536 15 0
chunk 2 0 131072 15 0
chunk 2 0 2097152 15 0
chunk 2 0 4194304 15 0
chunk 2 0 67108864 15 0
chunk 2 0 1073741824 15 0
chunk 2 0 2147483648 15 15
chunk 2 0 4294967295 15 15
type 2 1 0 0
chunk 2 1 0 0 0
chunk 2 1 1 15 15
chunk 2 1 4096 0 0
chunk 2 1 8192 0 0
chunk 2 1 32768 0 0
chunk 2 1 65536 0 0
chunk 2 1 131072 15 15
chunk 2 1 2097152 15 15
chunk 2 1 4194304 15 15
chunk 2 1 67108864 15 15
chunk 2 1 1073741824 15 15
chunk 2 1 2147483648 15 15
chunk 2 1 4294967295 15 15
type 2 2 0 0
chunk 2 2 0 0 0
chunk 2 2 1 15 15
chunk 2 2 4096 15 15
chunk 2 2 8192 15 15
chunk 2 2 32768 0 0
chunk 2 2 65536 0 0
chunk 2 2 131072 0 0
chunk 2 2 2097152 0 0
chunk 2 2 4194304 15 15
chunk 2 2 67108864 15 15
chunk 2 2 1073741824 15 15
chunk 2 2 2147483648 15 15
chunk 2 2 4294967295 15 15
type 2 3 0 0
chunk 2 3 0 0 0
chunk 2 3 1 15 15
chunk 2 3 4096 15 15
chunk 2 3 8192 15 15
chunk 2 3 32768 0 0
chunk 2 3 65536 0 0
chunk 2 3 131072 0 0
chunk 2 3 2097152 0 0
chunk 2 3 4194304 0 0
chunk 2 3 67108864 0 0
chunk 2 3 1073741824 0 0
chunk 2 3 2147483648 15 15
chunk 2 3 4294967295 15 15
type 2 4 16 16
chunk 2 4 0 0 0
chunk 2 4 1 15 15
chunk 2 4 4096 15 15
chunk 2 4 8192 15 15
chunk 2 4 32768 0 0
chunk 2 4 65536 0 0
chunk 2 4 131072 0 0
chunk 2 4 2097152 0 0
chunk 2 4 4194304 0 0
chunk 2 4 67108864 0 0
chunk 2 4 1073741824 0 0
chunk 2 4 2147483648 15 15
chunk 2 4 4294967295 15 15
type 3 -1 16 16
chunk 3 -1 0 0 0
chunk 3 -1 1 15 15
chunk 3 -1 4096 15 15
chunk 3 -1 8192 15 15
chunk 3 -1 32768 0 0
chunk 3 -1 65536 0 0
chunk 3 -1 131072 0 0
chunk 3 -1 2097152 0 0
chunk 3 -1 4194304 0 0
chunk 3 -1 67108864 0 0
chunk 3 -1 1073741824 0 0
chunk 3 -1 2147483648 15 15
chunk 3 -1 4294967295 15 15
type 3 0 0 16
chunk 3 0 0 0 0
chunk 3 0 1 15 15
chunk 3 0 4096 15 15
chunk 3 0 8192 15 15
chunk 3 0 32768 15 0
chunk 3 0 65536 15 0
chunk 3 0 131072 15 0
chunk 3 0 2097152 15 0
chunk 3 0 4194304 15 0
chunk 3 0 67108864 15 0
chunk 3 0 1073741824 15 0
chunk 3 0 2147483648 15 15
chunk 3 0 4294967295 15 15
type 3 1 0 0
chunk 3 1 0 0 0
chunk 3 1 1 15 15
chunk 3 1 4096 0 0
chunk 3 1 8192 0 0
chunk 3 1 32768 0 0
chunk 3 1 65536 0 0
chunk 3 1 131072 15 15
chunk 3 1 2097152 15 15
chunk 3 1 4194304 15 15
chunk 3 1 67108864 15 15
chunk 3 1 1073741824 15 15
chunk 3 1 2147483648 15 15
chunk 3 1 4294967295 15 15
type 3 2 0 0
chunk 3 2 0 0 0
chunk 3 2 1 15 15
chunk 3 2 4096 15 15
chunk 3 2 8192 15 15
chunk 3 2 32768 0 0
chunk 3 2 65536 0 0
chunk 3 2 131072 0 0
chunk 3 2 2097152 0 0
chunk 3 2 4194304 15 15
chunk 3 2 67108864 15 15
chunk 3 2 1073741824 15 15
chunk 3 2 2147483648 15 15
chunk 3 2 4294967295 15 15
type 3 3 0 0
chunk 3 3 0 0 0
chunk 3 3 1 15 15
chunk 3 3 4096 15 15
chunk 3 3 8192 15 15
chunk 3 3 32768 0 0
chunk 3 3 65536 0 0
chunk 3 3 131072 0 0
chunk 3 3 2097152 0 0
chunk 3 3 4194304 0 0
chunk 3 3 67108864 0 0
chunk 3 3 1073741824 0 0
chunk 3 3 2147483648 15 15
chunk 3 3 4294967295 15 15
type 3 4 16 16
chunk 3 4 0 0 0
chunk 3 4 1 15 15
chunk 3 4 4096 15 15
chunk 3 4 8192 15 15
chunk 3 4 32768 0 0
chunk 3 4 65536 0 0
chunk 3 4 131072 0 0
chunk 3 4 2097152 0 0
chunk 3 4 4194304 0 0
chunk 3 4 67108864 0 0
chunk 3 4 1073741824 0 0
chunk 3 4 2147483648 15 15
chunk 3 4 4294967295 15 15
